code,hightAmplitude,lowAmplitude,totalAmplitude,totalDay,continueLimitUp
603991,0.00,0.00,0.0,0,0
600939,0.00,1.52,3.04,11,10
600209,2.96,3.00,11.88,44,0
603058,2.24,3.26,10.98,47,0
300601,0.00,0.39,0.78,21,20
002851,0.00,0.00,0.0,2,1
300374,2.66,2.08,9.46,50,0
002300,2.11,3.38,10.67,52,0
603345,0.00,0.00,0.00,10,9
603908,0.00,0.00,0.0,1,0
603603,0.00,1.28,2.57,13,12
603817,0.00,0.00,0.00,12,11
002850,0.00,0.00,0.0,4,3
300616,0.00,0.00,0.0,1,0
300613,0.00,1.39,2.78,12,11
603689,1.95,2.73,9.36,36,0
601212,0.00,1.37,2.73,12,11
002849,0.00,1.28,2.56,13,12
000595,3.32,3.79,14.15,47,0
603238,0.00,0.00,0.00,10,9
300609,0.00,1.11,2.22,15,14
300611,0.00,1.39,2.78,12,11
300617,0.00,2.78,5.55,6,5
002742,1.61,1.57,5.87,54,0
300618,0.00,0.00,0.0,2,1
603578,0.00,0.00,0.0,2,1
300619,0.00,0.00,0.0,5,4
603138,0.00,0.00,0.0,2,1
600577,0.00,0.00,0.0,4,3
002839,1.46,5.48,13.86,26,0
601858,2.36,3.27,11.25,30,0
300275,1.28,2.65,7.67,54,0
603029,1.96,1.78,7.32,54,0
600050,2.03,2.07,7.93,54,0
600622,1.20,1.65,5.30,54,0
300397,1.59,1.45,5.52,54,0
000836,1.43,1.76,5.80,54,0
002824,2.11,3.98,12.18,34,0
600599,2.18,2.51,9.23,54,0
002820,2.60,2.38,9.94,54,0
000736,2.01,1.86,7.48,54,0
603668,1.48,2.66,8.26,31,0
002490,1.53,1.95,6.54,54,1
600359,0.96,1.49,4.39,22,0
601882,2.52,2.89,10.80,51,0
300221,1.52,1.34,5.29,54,0
600008,0.63,0.79,1.70,46,0
603843,2.24,1.80,7.91,54,0
300116,2.06,1.62,7.15,54,0
002819,2.70,3.01,11.42,54,1
300510,3.09,2.32,10.76,54,0
600751,1.16,1.14,3.76,54,0
002843,1.90,2.57,8.94,28,0
300580,2.19,2.96,10.30,35,0
002511,1.38,1.52,5.31,54,0
603177,0.23,0.44,1.33,21,0
600647,2.11,2.29,8.72,54,1
600435,1.64,1.84,6.54,54,0
002608,1.59,1.73,6.35,44,0
300612,0.37,2.31,5.35,15,1
300596,1.30,2.21,7.02,29,0
000520,1.64,1.65,5.97,45,0
000915,1.56,1.45,5.68,54,0
000927,2.01,2.01,7.89,54,0
002842,1.99,2.75,9.48,29,0
002435,1.59,1.80,6.54,54,0
002524,2.16,2.45,9.10,54,0
002767,2.90,3.28,12.13,54,0
600095,1.67,1.62,6.15,54,0
000676,1.59,1.25,5.03,26,0
002346,3.42,6.24,19.32,42,0
603615,0.57,2.17,5.49,17,0
600872,1.26,1.36,4.80,54,0
002214,1.18,0.99,3.50,54,0
002265,3.22,3.34,13.09,54,0
002103,1.21,1.40,4.53,54,0
600640,1.77,1.42,5.79,47,0
600961,1.33,1.64,5.56,54,0
603101,1.53,1.57,5.74,54,0
300482,1.67,2.29,7.74,54,0
000710,2.51,1.85,8.69,47,0
603703,1.78,1.76,6.68,54,0
300577,2.21,2.55,9.53,49,0
300398,2.03,2.28,8.53,54,0
002718,1.32,1.11,4.19,54,0
002377,2.06,3.01,10.01,29,0
300357,1.07,1.28,3.80,54,0
600226,1.74,1.37,5.74,54,0
002455,1.67,2.03,7.29,54,0
000601,0.82,0.86,2.34,54,0
002828,2.44,1.92,8.71,54,0
300142,1.30,1.34,4.53,54,0
002840,1.81,2.98,9.58,36,0
300402,3.72,3.66,14.71,54,0
002192,2.00,1.72,7.11,54,0
600523,1.72,1.87,6.96,54,0
603701,1.71,1.42,5.76,54,0
002651,2.41,3.50,11.79,54,0
002656,2.23,1.96,8.27,48,0
600658,1.47,1.58,5.74,54,0
002591,2.01,2.58,9.10,49,0
300083,1.54,1.34,5.26,54,0
300304,3.33,3.23,13.10,54,0
002786,1.84,1.47,6.11,54,0
300471,1.10,1.40,4.30,54,0
603032,2.25,2.87,10.24,39,1
600230,1.63,2.11,7.39,54,0
600641,1.28,1.20,4.23,54,0
002427,0.96,1.17,3.50,54,0
600340,1.03,0.96,3.06,54,0
300136,1.56,1.56,6.15,54,0
002246,2.01,2.22,8.28,54,0
002846,0.49,2.46,5.89,21,0
600888,1.35,1.64,5.31,54,0
000885,3.49,3.86,14.69,51,0
002460,1.65,1.54,5.91,54,0
002845,1.56,1.54,6.21,25,0
600671,1.68,1.82,6.46,54,0
002359,1.26,1.21,4.38,54,0
600076,1.18,1.18,3.91,54,0
000828,1.40,1.51,5.43,54,0
601668,1.21,1.24,4.21,54,0
600054,0.64,0.90,2.10,54,0
002808,1.99,1.85,7.39,54,0
603186,1.72,2.57,8.58,41,0
600132,1.51,1.71,6.01,54,0
002180,1.31,1.03,4.02,54,0
002352,1.98,1.99,7.71,54,0
600172,1.03,1.31,3.99,54,0
002568,1.01,1.18,3.57,54,0
002702,1.77,1.49,5.86,54,0
603036,2.70,3.82,13.03,54,0
600996,1.90,2.19,7.91,46,0
600750,0.77,1.05,2.66,54,0
600864,1.04,0.99,3.11,54,0
600187,1.35,1.43,4.94,54,1
002650,0.95,1.08,3.15,54,0
002052,2.20,1.65,7.44,54,0
002169,1.71,1.64,6.34,54,0
300180,1.46,2.01,6.49,54,0
300291,1.14,1.53,4.59,54,0
300474,1.70,1.43,5.69,54,0
300285,1.25,1.30,4.44,54,0
603800,1.21,2.66,7.66,54,0
000985,2.19,2.07,8.43,54,0
002117,1.25,1.25,4.27,54,0
000615,2.44,2.22,9.25,54,0
600760,1.52,1.61,6.24,50,0
603939,1.07,1.14,3.75,54,0
002597,1.38,1.72,5.89,54,0
002413,1.56,1.33,5.13,54,0
603726,1.72,1.77,6.59,54,0
002146,1.14,1.16,3.81,54,0
002093,0.95,0.89,2.51,54,0
603337,1.68,2.56,8.41,29,0
000401,2.10,2.11,8.21,54,0
002552,2.15,2.10,8.31,54,0
600990,1.33,1.37,4.82,54,0
000963,0.82,0.94,2.63,54,0
600761,1.25,1.62,5.33,54,0
600198,1.14,1.31,4.31,54,0
002040,2.70,3.47,12.20,54,0
002584,0.00,0.00,0.0,4,0
002258,1.47,1.80,6.24,54,0
603298,2.45,2.57,9.96,45,0
000002,1.10,0.87,3.34,53,0
002378,1.50,1.60,5.64,54,0
002748,1.96,2.44,8.47,46,0
603313,1.86,1.72,7.06,54,0
603667,1.94,1.93,7.45,54,0
300579,2.32,2.89,10.43,47,0
002496,0.83,0.89,2.58,54,0
600256,1.04,1.22,3.85,54,0
000687,1.33,1.37,4.77,54,0
600419,1.38,1.50,5.32,54,0
601991,0.86,1.19,3.30,54,0
002722,2.24,1.79,7.97,54,0
600113,2.40,2.48,9.70,54,0
600058,1.13,1.07,3.70,54,0
300272,1.15,1.20,3.97,54,0
600731,1.58,1.73,6.36,54,0
600693,1.89,2.22,8.13,54,0
002026,0.96,1.19,3.51,54,0
300527,1.86,1.40,6.09,54,0
000519,2.23,2.08,8.56,54,0
002848,0.05,1.64,3.37,17,0
000554,1.86,2.14,7.81,54,0
002023,1.39,1.30,4.80,54,0
002837,2.18,2.48,9.31,43,0
002541,1.15,1.15,3.81,54,0
002569,1.47,1.68,5.90,54,0
000961,1.27,2.32,6.92,54,0
603577,1.73,2.05,7.52,48,1
300198,1.28,1.67,5.26,54,0
002542,1.21,1.46,4.50,54,0
300202,1.47,1.44,5.43,54,0
000606,1.31,1.41,4.97,54,0
300489,1.36,1.26,4.59,54,0
000657,1.47,1.68,5.69,49,0
002757,1.50,1.43,5.31,54,0
600127,1.05,1.50,4.34,54,0
002387,1.43,1.69,5.68,54,0
300582,2.48,2.70,10.37,44,0
002847,0.61,1.28,3.78,20,0
300072,1.33,1.27,4.60,54,0
002315,1.23,1.15,4.03,54,0
300592,1.16,2.19,6.70,28,0
603569,1.87,1.61,6.52,54,0
603788,1.23,1.23,4.13,54,0
002694,1.93,2.33,8.40,50,0
600603,1.50,1.35,5.28,53,0
603878,2.85,3.18,12.01,51,0
600249,2.31,3.37,11.22,54,0
603958,1.56,1.50,5.61,54,0
600880,1.27,1.41,4.68,54,0
002012,1.85,2.55,8.71,54,0
000735,1.24,1.38,4.52,48,0
000877,2.31,2.93,10.25,54,0
002028,1.24,1.78,5.68,54,0
600421,2.38,2.44,9.47,38,0
300099,2.75,2.33,9.95,50,0
000159,1.84,2.28,8.07,54,0
600978,0.76,1.09,2.75,54,0
300086,1.02,1.56,4.57,54,0
000417,1.23,1.23,4.31,54,0
600082,2.16,2.16,8.52,54,0
300443,1.40,1.25,4.63,54,0
603393,1.50,1.51,5.46,54,0
600211,1.12,1.18,3.72,54,0
300475,1.18,1.04,3.75,54,0
600281,1.72,1.86,6.87,54,0
002388,2.04,2.35,8.50,49,0
300326,1.21,1.16,3.85,54,0
002766,1.45,1.45,5.21,54,0
300598,1.35,1.40,5.50,28,0
300599,2.09,3.33,10.84,27,0
300355,2.09,2.02,8.01,54,0
000913,1.44,1.44,5.30,54,0
600874,0.85,0.95,2.66,54,0
601020,2.48,2.41,9.72,54,0
600836,1.52,1.75,6.02,54,0
000878,1.62,2.23,7.65,54,0
600573,1.25,1.54,5.18,54,0
002345,1.28,1.46,4.97,54,0
300294,1.40,1.42,5.13,54,0
000922,2.48,2.60,10.12,54,0
600148,2.52,3.26,11.47,54,0
300593,1.25,2.14,6.78,33,0
300512,1.79,1.48,5.98,54,0
603556,1.54,1.46,5.46,54,0
300586,1.78,2.35,8.26,40,0
603067,2.14,2.01,8.18,54,0
300565,2.55,2.28,9.67,54,0
002046,1.93,2.61,8.96,54,0
002201,1.72,1.76,6.51,54,0
600962,1.81,2.28,7.96,54,0
000617,2.77,1.91,9.18,51,0
600775,1.31,1.44,4.90,54,0
300123,3.27,2.89,12.22,15,0
000852,1.73,1.85,6.75,54,0
002333,2.09,2.61,9.32,44,0
000815,1.16,1.28,4.13,54,0
600831,0.84,0.94,2.60,54,0
603037,1.57,1.99,7.13,28,0
002800,2.40,2.31,9.23,54,0
000026,1.58,1.83,6.45,54,0
000596,1.44,1.41,5.17,54,0
000930,1.99,1.85,7.52,54,0
000672,3.52,3.66,14.30,54,0
603008,1.57,1.55,5.86,53,0
300064,1.11,1.33,4.23,54,0
600868,1.17,1.23,3.98,54,0
300316,1.14,1.48,4.62,54,0
600383,1.04,0.96,3.07,54,0
002679,2.60,2.41,9.75,54,0
300152,1.83,2.11,7.72,54,0
002284,1.31,1.14,4.13,54,0
002825,2.87,3.08,11.85,54,0
600588,1.27,1.12,4.12,54,0
300499,2.04,1.69,7.12,54,0
603588,1.15,1.27,4.05,54,0
300046,1.47,1.57,5.68,48,0
300264,1.42,1.36,4.93,54,0
002676,1.79,2.02,7.34,44,0
600764,1.46,1.95,6.35,54,0
000820,1.86,2.23,8.06,54,0
600125,1.96,2.20,8.20,54,0
002404,1.18,1.25,4.21,54,0
300422,1.75,1.94,7.21,54,0
600038,1.58,1.83,6.54,54,0
603928,1.99,1.77,7.46,54,0
002782,1.91,1.47,6.39,54,0
603355,1.29,1.25,4.49,54,0
600438,0.89,1.07,3.10,54,0
300455,1.68,1.68,6.28,54,0
600115,1.34,1.40,4.79,54,0
601500,2.45,2.00,8.67,54,0
002533,0.88,0.90,2.51,54,0
600159,0.94,1.16,3.42,54,0
603323,2.48,2.36,9.54,54,0
000948,1.21,1.24,4.11,54,0
600322,1.71,1.86,6.85,54,0
300606,0.77,1.67,4.85,20,0
300424,1.53,1.64,5.94,54,0
002342,1.66,1.88,6.89,54,0
600290,1.58,1.73,6.05,54,0
000978,0.76,0.94,2.31,54,0
600079,0.92,1.10,3.12,54,0
600051,1.47,1.66,5.76,54,0
002033,0.81,0.91,2.39,54,0
000099,1.15,1.13,3.68,54,0
002289,1.41,1.39,5.12,53,0
601311,0.98,1.08,3.23,54,0
603966,1.65,1.88,7.06,25,0
002105,2.55,2.81,10.56,54,0
600613,1.23,1.26,4.35,54,0
600118,0.93,0.96,2.84,54,0
600426,1.65,1.83,6.62,54,0
002830,1.81,1.90,7.32,54,0
002163,2.15,2.00,8.16,54,0
600048,0.73,0.77,1.91,54,0
002454,0.78,0.93,2.33,54,0
601177,1.30,1.53,5.06,54,0
600830,1.45,1.62,5.75,54,0
300591,1.62,2.61,8.40,36,0
002626,1.14,1.35,4.39,54,0
603977,2.28,2.13,8.73,54,0
000659,1.97,2.16,8.12,54,0
601333,1.54,1.53,5.70,54,0
600169,1.26,1.30,4.33,54,0
600720,2.19,2.48,9.22,54,0
002783,1.54,1.30,5.09,54,0
600660,0.94,0.93,2.67,54,0
002494,1.32,1.26,4.54,54,0
600666,0.93,1.13,3.40,50,0
000637,1.45,1.75,6.07,54,0
601611,1.55,1.67,6.11,54,0
000669,0.97,1.16,3.45,54,0
002361,1.53,1.69,5.92,54,0
600428,1.46,1.86,6.32,54,0
600538,1.81,1.96,7.39,54,0
600995,1.67,1.55,5.98,54,0
002561,2.54,2.70,10.19,54,0
000498,1.45,1.50,5.44,54,0
600609,2.11,2.12,8.16,54,0
600078,1.03,1.41,4.17,54,0
300603,0.49,2.35,5.68,24,0
601100,1.29,1.77,5.69,54,0
000762,1.34,1.33,4.68,54,0
002389,2.71,1.96,9.18,54,0
600695,1.02,1.22,3.84,54,0
000893,1.26,1.65,5.28,54,0
601888,0.73,0.96,2.53,54,0
600511,0.73,0.93,2.49,49,0
603677,1.66,1.82,6.87,22,0
600255,1.43,1.67,5.61,42,0
300328,1.48,1.35,5.20,54,0
000869,0.75,0.70,1.93,54,0
603616,1.93,1.79,7.13,54,0
000402,1.04,0.89,2.96,54,0
600841,2.14,2.02,8.03,54,0
603822,1.91,1.86,7.18,54,0
000403,1.27,1.18,4.22,54,0
600449,2.28,2.87,10.24,54,0
000525,1.86,2.04,7.61,54,0
600765,1.18,1.29,4.40,54,0
000702,1.16,1.47,4.75,54,0
300032,1.04,1.36,3.90,54,0
000888,0.79,0.86,2.25,54,0
600444,1.35,1.33,4.98,54,0
002244,0.87,0.84,2.28,54,0
603633,2.82,2.66,10.94,54,0
603159,2.74,2.86,11.07,54,0
000901,1.41,1.48,5.14,54,0
601872,0.82,0.88,2.46,54,0
603429,1.32,1.57,5.77,26,0
000031,1.22,0.87,3.25,54,0
000995,1.41,1.55,5.46,54,0
603818,1.33,1.30,4.64,54,0
600184,1.76,1.97,7.23,54,0
603330,0.55,0.75,2.61,17,0
600810,2.50,2.67,10.28,54,0
002302,2.16,2.98,9.93,54,0
600606,0.70,0.73,1.89,54,0
600624,1.04,1.16,3.63,54,0
300249,1.71,1.61,6.34,54,0
000018,1.70,1.57,5.97,54,0
600110,2.05,2.01,8.04,54,0
002560,1.71,1.84,6.57,54,0
601000,0.94,1.19,3.33,54,0
600486,1.00,1.38,4.15,54,0
000757,1.65,1.40,5.68,54,0
000547,1.65,1.37,5.57,41,0
600816,1.30,1.41,5.01,54,0
600802,2.42,2.52,9.81,54,0
603336,3.02,3.19,12.39,54,0
600215,2.46,1.76,8.24,31,0
002829,2.20,2.38,9.17,54,0
600262,1.76,2.44,8.27,54,0
600178,2.26,2.26,8.88,54,0
600246,0.98,1.23,3.55,46,0
000990,1.05,1.17,3.71,54,0
601992,1.32,1.66,5.28,54,0
600323,0.83,0.86,2.38,54,0
300278,1.56,1.69,6.14,54,0
002760,1.28,1.36,4.71,54,0
002053,1.68,1.63,6.07,54,0
601002,1.29,1.17,4.12,54,0
300101,1.63,1.69,6.21,54,0
300588,1.51,2.32,7.67,39,0
002418,1.43,1.15,4.40,54,0
002593,1.25,1.15,4.04,54,0
600787,1.48,1.63,5.83,54,0
002796,1.92,1.61,6.80,54,0
600355,1.20,1.55,4.96,54,0
000598,0.80,0.73,1.91,54,0
002713,2.02,1.80,7.48,54,0
600390,1.54,1.20,4.98,51,0
600456,1.33,1.92,6.12,54,0
000333,1.10,1.15,3.91,54,0
601800,1.61,1.98,7.00,54,0
300164,2.19,1.93,8.14,54,0
601618,1.19,1.44,4.66,54,0
002307,2.11,2.56,8.94,54,0
300335,1.56,1.47,5.66,54,0
300238,1.31,1.40,4.74,54,0
300261,1.64,1.81,6.38,54,0
600057,1.36,1.37,4.85,54,0
002256,1.21,1.26,4.18,54,0
300126,1.75,1.57,6.18,54,0
600581,1.78,1.75,6.78,54,0
300145,1.03,1.46,4.16,54,0
002750,1.51,1.30,4.92,54,0
000732,0.68,1.01,2.49,54,0
300297,1.23,1.14,3.88,54,0
600498,0.98,1.03,3.29,54,0
600068,1.39,1.71,5.89,54,0
002419,2.31,2.23,8.92,54,0
300090,1.45,1.80,6.13,54,0
603035,2.24,3.34,11.18,39,0
000005,0.97,0.97,3.14,54,0
603126,1.69,1.76,6.47,54,0
000661,0.93,0.84,2.45,54,0
600644,0.95,1.30,3.57,54,0
600320,1.09,1.18,3.73,54,0
600759,1.88,1.60,6.67,54,0
000548,1.61,1.81,6.22,54,0
002108,1.24,1.22,4.17,54,0
300576,1.62,1.94,7.09,50,0
300054,1.15,1.30,4.17,49,0
002350,1.24,1.37,4.66,54,0
603808,1.29,1.50,5.01,54,0
600820,1.19,1.23,4.32,54,0
002768,1.59,1.46,5.69,54,0
603799,2.48,2.61,10.08,54,0
603060,2.13,2.10,8.30,54,0
000712,1.58,1.33,5.46,54,0
600483,0.80,1.12,2.94,54,0
000900,0.88,0.99,2.90,54,0
002339,1.24,1.84,5.80,54,0
601008,1.81,2.04,7.43,54,0
000906,2.52,2.47,9.94,54,0
300174,2.07,2.12,8.06,54,0
600477,1.27,1.28,4.55,54,0
002592,1.32,1.44,4.81,54,0
600737,1.51,1.29,5.08,54,0
603601,1.38,1.72,5.50,54,0
002059,2.25,2.11,8.56,54,0
000779,1.44,1.34,5.03,52,0
300190,1.08,1.04,3.44,54,0
600510,0.68,1.21,2.82,54,0
600156,1.44,1.40,5.19,54,0
600476,1.62,1.69,6.15,54,0
002545,1.38,2.03,6.57,54,0
300404,1.41,1.71,5.83,54,0
000561,1.71,1.92,6.92,54,0
300417,2.55,2.74,10.38,54,0
000851,1.12,1.27,4.10,54,0
002798,3.23,2.47,11.40,21,0
000663,2.07,2.55,9.08,51,0
600475,1.77,1.55,6.13,52,0
600011,0.68,0.96,2.38,54,0
600075,1.31,1.45,4.89,54,0
002835,1.84,2.45,8.58,44,0
300536,1.86,1.66,6.72,54,0
600062,1.17,1.22,4.01,54,0
600010,0.83,0.97,2.67,54,0
600568,1.94,2.07,7.65,54,0
002447,1.43,1.48,5.48,54,0
002635,2.07,2.43,8.75,20,0
600284,1.34,1.56,5.35,54,0
600055,1.07,1.20,3.71,54,0
601111,1.12,1.12,3.69,54,0
601186,1.37,1.38,5.03,54,0
603377,1.08,1.23,3.94,54,0
300493,2.04,1.66,7.13,54,0
600877,2.40,2.37,9.38,54,0
603993,1.58,1.71,5.98,54,0
603338,1.33,1.32,4.67,54,0
600085,0.55,0.70,1.61,54,0
600091,1.33,1.27,4.81,54,0
300487,1.83,1.70,6.67,54,0
603886,2.28,3.35,11.25,44,0
600455,1.84,1.88,7.22,54,0
601958,1.09,1.21,3.94,54,0
002510,1.38,1.11,4.18,52,0
002566,0.91,1.06,2.81,54,0
002776,1.28,1.50,5.09,54,0
000590,1.22,1.37,4.42,54,0
603688,1.35,1.58,5.27,54,0
002667,2.15,1.75,7.43,54,0
600561,1.16,1.38,4.45,54,0
002733,1.31,1.11,3.98,54,0
002290,1.27,1.11,3.92,54,0
002045,1.73,2.23,7.61,45,0
002358,1.28,1.71,5.32,54,0
300414,1.59,1.54,5.77,52,0
000545,1.23,1.46,4.80,54,0
002727,0.93,0.97,2.89,49,0
600562,1.18,1.18,3.88,54,0
300484,1.87,1.48,6.32,54,0
600056,1.11,1.25,4.00,54,0
002203,1.42,1.52,5.35,54,0
600823,0.61,0.52,1.34,54,0
000782,1.89,1.71,6.93,44,0
601890,1.34,1.38,4.79,54,0
600138,0.87,0.98,2.72,54,0
002008,1.05,1.11,3.66,54,0
000096,1.16,1.54,4.99,54,0
300282,1.51,1.62,5.97,54,0
002707,1.12,1.01,3.32,54,0
300477,2.57,2.20,9.43,35,0
000671,0.78,0.98,2.60,43,0
002558,1.85,2.77,9.03,54,0
002151,1.59,1.69,6.09,34,0
600600,0.80,1.03,2.73,54,0
000807,1.54,1.79,6.36,37,0
601116,3.42,3.07,12.97,51,0
002155,0.97,1.17,3.47,54,0
600856,1.67,1.78,6.54,54,0
600316,1.38,1.69,5.74,54,0
002709,1.94,2.02,7.79,54,0
603639,2.16,2.30,8.86,34,0
600117,1.71,1.63,6.34,54,0
000021,0.94,1.07,2.96,54,0
601919,1.15,1.40,4.52,54,0
601313,1.04,1.06,3.39,54,0
600782,2.05,2.10,8.15,54,0
002549,1.81,1.80,6.88,54,0
600545,2.22,2.20,8.61,54,0
000802,1.24,1.25,4.23,54,0
600222,0.95,1.11,3.35,54,0
600313,1.26,1.24,4.31,54,0
002099,1.13,1.07,3.64,51,0
603038,1.41,2.10,6.91,32,0
600495,1.26,1.55,5.09,54,0
000607,1.84,1.56,6.32,54,0
002278,1.16,1.83,5.54,54,0
300605,0.56,1.65,4.41,20,0
300038,1.39,1.57,5.50,48,0
300159,1.82,1.80,6.95,54,0
300125,1.64,1.64,6.33,54,0
600053,1.63,1.15,4.95,54,0
002544,1.26,1.46,5.00,54,0
000563,1.82,1.63,6.53,27,0
600896,1.19,1.13,4.01,54,0
300391,2.17,1.86,7.97,54,0
300342,1.69,1.62,6.36,54,0
601390,1.13,1.15,3.88,54,0
600331,1.90,2.10,7.56,27,0
600276,0.83,0.91,2.44,54,0
600158,2.49,1.97,8.76,33,0
002386,1.80,1.74,6.87,54,0
600728,0.89,1.10,3.06,54,0
600500,1.72,1.76,6.70,54,0
603889,1.35,1.68,5.68,54,0
600377,0.47,0.69,1.36,54,0
002728,1.68,1.58,6.19,54,0
300568,2.42,2.11,9.02,54,0
300028,2.67,2.25,9.64,8,0
601996,1.73,2.11,7.45,52,0
300470,1.13,1.23,3.93,54,0
002682,1.39,1.25,4.84,48,0
002422,0.84,0.91,2.41,54,0
002202,0.92,0.89,2.74,54,0
000759,1.87,2.27,8.02,54,0
002406,1.33,1.62,5.27,54,0
000837,1.73,1.78,6.57,54,0
601798,1.46,1.90,6.47,54,0
002399,0.72,1.25,3.01,54,0
603116,0.97,1.01,3.04,54,0
002730,2.37,1.79,8.16,54,0
002187,1.03,1.39,4.06,54,0
002789,1.23,2.06,6.08,54,0
002207,2.55,2.30,9.60,54,0
300379,1.93,1.46,6.53,54,0
002414,1.22,1.08,3.66,54,0
600698,2.80,3.94,13.40,53,0
000544,1.43,1.52,5.35,54,0
600936,1.36,1.11,4.19,54,0
600969,1.05,1.15,3.44,54,0
002133,1.28,1.43,4.94,54,0
002711,1.78,2.57,8.61,54,0
600283,1.27,1.23,4.29,54,0
002074,1.12,1.09,3.63,54,0
603077,0.94,1.08,3.16,52,0
002102,1.00,0.94,3.05,54,0
600727,1.61,1.75,6.30,54,0
600528,1.69,1.83,6.84,54,0
000996,1.93,2.08,7.74,54,0
600149,2.14,1.95,8.04,54,0
600818,2.17,2.49,9.12,53,0
601226,0.85,0.93,2.57,54,0
000993,2.77,3.16,11.72,54,0
300442,1.33,1.50,5.07,54,0
300300,1.87,1.83,6.98,54,0
000918,1.68,1.38,5.53,54,0
300539,1.98,1.84,7.58,54,0
300401,1.84,1.84,7.24,54,0
002684,1.07,1.64,4.69,54,0
002349,1.59,1.33,5.37,54,0
000517,1.53,1.73,6.11,54,0
600280,1.47,1.78,5.95,54,0
600318,1.71,1.50,6.05,54,0
600028,1.03,1.25,3.84,54,0
300156,1.35,1.55,5.45,54,0
600343,1.28,1.22,4.30,54,0
300135,1.72,2.03,7.23,54,0
603421,1.58,1.63,6.14,54,0
002639,1.66,1.79,6.27,54,0
000426,1.62,1.36,5.59,54,0
000856,1.11,1.24,3.98,54,0
002395,1.97,2.17,8.03,54,0
000949,1.02,1.65,4.66,54,0
600867,0.89,0.93,2.62,54,0
600376,0.79,0.89,2.55,54,0
600234,1.52,1.52,5.68,54,0
002218,0.86,0.99,2.71,54,0
600362,1.53,1.91,6.57,54,0
600683,1.20,1.39,4.60,54,0
300208,1.41,1.30,4.81,54,0
002810,1.96,2.03,7.73,54,0
603918,1.88,2.10,7.65,54,0
002563,1.08,1.09,3.54,54,0
002466,1.51,1.38,5.21,54,0
603300,1.91,2.89,9.55,54,0
002267,0.57,0.69,1.47,54,0
601288,0.38,0.46,0.97,54,0
600688,1.17,1.33,4.39,54,0
600257,1.06,1.11,3.57,54,0
000511,1.77,1.72,6.70,54,0
600221,0.64,0.79,1.87,54,0
600585,1.20,1.36,4.53,54,0
002621,2.18,1.77,7.54,54,0
300450,2.12,2.44,9.04,20,0
603816,1.48,1.51,5.49,54,0
000533,1.58,2.10,6.93,45,0
002497,0.97,1.00,3.20,54,0
600353,1.55,1.80,6.20,54,0
600398,0.65,0.84,1.92,54,0
603519,1.71,1.64,6.40,54,0
002130,0.89,0.90,2.53,52,0
600167,1.86,1.90,7.30,54,0
600233,2.36,2.16,8.86,54,0
600691,1.88,1.90,7.38,54,0
300376,3.05,2.66,11.39,54,0
002127,1.62,1.73,6.55,54,0
601669,1.17,1.25,4.14,54,0
600031,1.24,1.44,5.01,54,0
600112,1.25,0.99,3.67,54,0
600971,1.33,1.42,5.05,54,0
002356,1.04,1.64,4.85,54,0
601989,1.26,1.32,4.61,54,0
000635,4.07,3.10,14.22,23,0
600620,1.67,1.45,5.83,54,0
600036,0.85,0.63,1.95,54,0
000416,1.63,1.82,6.64,54,0
000012,1.35,1.48,4.95,54,0
600415,0.96,1.23,3.60,54,0
603099,1.38,1.54,5.23,54,0
002410,1.04,1.11,3.41,54,0
600448,0.98,1.25,3.61,54,0
002543,0.78,1.42,3.38,54,0
600653,0.83,1.02,2.72,54,0
000061,0.83,0.90,2.43,54,0
002823,2.56,2.26,9.61,54,0
002320,1.54,1.44,5.41,47,0
600501,1.51,1.92,6.58,54,0
002529,1.53,1.43,5.33,54,0
002554,1.95,1.89,7.38,54,0
300534,2.46,2.23,9.33,54,0
300602,1.24,2.22,6.93,24,0
600503,0.91,0.94,2.70,54,0
300412,1.50,1.55,5.74,54,0
000755,1.88,1.84,7.15,54,0
603026,1.57,1.41,5.38,54,0
000838,1.41,0.94,3.88,54,0
603618,1.28,1.29,4.39,54,0
000623,1.09,0.93,3.27,54,0
300320,1.98,1.77,7.10,54,0
600126,1.57,1.60,5.87,54,0
002013,1.36,1.26,4.53,54,0
000059,1.94,2.18,8.11,54,0
000632,1.32,1.47,5.17,54,0
002152,0.86,1.00,2.72,54,0
600580,0.75,0.76,1.90,54,0
002749,1.31,1.20,4.33,54,0
002441,1.06,0.89,2.89,54,0
002332,0.93,1.36,3.97,54,0
001979,1.01,0.94,3.01,54,0
002338,1.30,1.19,4.32,43,0
300053,1.70,1.42,5.83,52,0
300157,1.10,0.98,3.26,54,0
000756,1.14,1.28,4.35,54,0
002431,1.38,1.11,4.25,54,0
002043,1.86,1.72,6.83,54,0
601398,0.38,0.59,1.08,54,0
600408,1.58,1.80,6.46,54,0
601015,1.65,2.21,7.46,54,0
000688,1.81,1.74,6.83,54,0
601137,1.64,2.19,7.35,54,0
600801,1.78,2.33,7.86,54,0
002198,1.62,1.71,6.18,54,0
002068,2.52,2.11,9.09,54,0
601600,1.42,1.53,5.56,54,0
600170,0.91,1.04,3.00,54,0
600615,1.39,1.44,5.15,54,0
600039,1.14,1.24,4.03,54,0
000813,1.17,1.23,3.90,54,0
600175,0.76,1.15,2.85,49,0
600007,1.08,1.37,4.33,54,0
600638,1.33,1.70,5.69,54,0
300543,2.39,2.04,8.72,54,0
300384,1.63,1.40,5.58,54,0
603987,2.16,1.82,7.77,54,0
002807,1.22,2.86,7.56,54,1
603589,1.01,1.10,3.34,54,0
000975,2.07,2.09,8.21,54,0
000514,2.06,3.03,10.14,54,0
002607,1.19,1.33,4.21,54,0
600385,1.46,1.64,5.73,54,0
002629,1.98,1.31,6.33,13,0
002588,1.04,1.23,3.77,54,0
600535,0.94,0.71,2.26,54,0
603606,1.29,1.85,5.98,54,0
600302,1.36,1.83,5.97,54,0
002084,1.36,1.21,4.39,54,0
600704,1.28,1.41,4.80,54,0
603887,1.75,1.47,5.96,54,0
600265,1.48,1.71,6.07,53,0
300243,2.54,2.40,9.87,40,0
300463,1.16,1.08,3.62,54,0
300195,0.99,0.99,2.91,54,0
600270,0.88,0.93,2.63,54,0
002611,1.80,1.74,6.57,48,0
002095,1.42,1.34,4.83,54,0
300444,1.55,1.59,5.91,54,0
300289,1.07,1.13,3.55,54,0
600850,0.85,1.05,2.90,54,0
601567,0.96,1.07,3.11,54,0
002663,0.76,1.10,2.88,48,0
000801,1.74,1.79,6.79,54,0
300460,1.04,1.36,4.22,54,0
000830,1.28,1.47,4.90,54,0
600216,0.75,0.78,1.98,54,0
601616,1.01,1.01,3.11,54,0
601328,0.79,0.63,1.82,54,0
002726,1.37,1.60,5.57,54,0
002708,1.46,1.43,5.33,54,0
000056,1.44,1.67,5.68,54,0
600488,0.77,0.90,2.38,48,0
000151,1.72,1.57,6.12,54,0
300104,2.04,1.50,6.69,31,0
000705,1.00,1.13,3.49,54,0
600183,1.46,1.63,5.99,54,0
600325,1.05,1.03,3.33,54,0
000609,1.91,2.45,8.62,54,0
002468,2.05,1.52,6.81,54,0
002699,1.88,1.64,6.81,54,0
002550,0.81,0.78,2.07,54,0
600886,0.61,0.74,1.62,54,0
002669,1.58,1.87,6.55,54,0
300431,2.02,1.34,6.44,54,0
600997,1.24,1.35,4.56,54,0
600026,0.85,0.92,2.70,54,0
300110,1.55,1.36,5.43,54,0
603690,0.65,1.35,4.00,31,0
300492,1.62,1.82,6.49,54,0
600883,1.85,1.71,6.71,54,0
002325,1.04,0.93,3.02,54,0
002374,1.46,1.27,4.70,54,0
002314,1.44,1.29,4.87,54,0
000668,1.32,1.51,5.16,54,0
600106,1.09,1.43,4.39,54,0
002051,1.39,1.43,5.34,54,0
600739,0.89,0.89,2.72,54,0
600674,0.60,0.53,1.24,54,0
002019,1.34,1.47,4.98,54,0
002397,1.25,1.34,4.37,54,0
300080,1.35,1.50,5.27,48,0
300330,1.37,1.23,4.55,54,0
300206,1.24,1.33,4.41,54,0
600879,1.23,1.42,4.74,54,0
000062,1.36,1.12,4.26,47,0
000976,1.70,1.34,5.77,54,0
600150,1.74,1.68,6.58,54,0
300011,0.77,1.13,2.79,54,0
002420,0.95,1.34,3.74,54,0
300337,1.47,1.34,5.19,54,0
600086,1.23,1.38,4.50,54,0
601028,1.00,1.09,3.37,44,0
603319,2.79,2.52,10.53,54,0
000783,0.97,0.77,2.56,54,0
002022,0.87,1.03,2.83,54,0
603866,0.94,1.16,3.48,54,0
603997,1.17,1.46,4.61,54,0
600717,0.81,1.01,2.83,46,0
002122,2.00,1.95,7.40,54,0
603929,1.73,2.19,7.80,42,0
000835,1.26,1.38,4.73,54,0
600605,1.13,1.68,5.03,54,0
002409,1.74,1.72,6.41,54,0
600515,1.32,1.33,4.63,54,0
002220,1.46,1.39,5.13,54,0
002729,1.59,1.41,5.48,54,0
603203,1.95,1.84,7.44,54,0
002534,1.69,1.88,6.64,54,0
000040,1.32,1.25,4.38,54,0
002219,1.15,1.09,3.61,54,0
600900,0.53,0.47,1.13,54,0
603990,1.74,1.59,6.56,54,0
002499,1.27,1.41,4.90,54,0
600070,1.32,1.37,4.86,54,0
000610,1.46,1.62,5.70,54,0
600965,1.53,1.27,5.10,54,0
600266,0.79,1.02,2.73,54,0
002355,1.75,1.53,6.14,54,0
002149,1.31,1.77,5.82,54,0
603698,1.25,1.46,5.05,54,0
600566,1.11,1.32,4.10,54,0
000695,1.25,1.52,4.99,54,0
600165,1.20,2.16,6.17,54,0
000603,1.43,1.40,5.22,54,0
601688,0.90,0.81,2.41,54,0
600887,0.78,0.75,2.01,54,0
600391,1.08,1.25,3.82,54,0
600389,1.43,1.37,5.04,54,0
002364,1.49,1.14,4.66,54,0
601877,0.88,0.79,2.43,54,0
002573,1.20,1.27,4.49,54,0
300559,1.85,1.65,6.59,54,0
300128,2.01,2.33,8.62,54,0
601607,0.93,1.04,2.92,54,0
600521,0.95,0.85,2.72,54,0
300562,2.85,2.81,11.29,54,0
300338,1.77,1.81,6.80,52,0
300381,2.02,1.64,6.96,49,0
600779,1.60,1.96,6.86,54,0
601601,0.90,0.66,2.23,54,0
002213,1.51,1.86,6.31,54,0
002159,1.65,1.95,6.88,49,0
300203,1.20,1.38,4.60,54,0
002035,1.27,1.56,5.19,54,0
600893,0.85,0.89,2.48,54,0
603660,2.19,1.91,8.10,54,0
600694,0.70,0.86,2.19,54,0
600519,0.83,0.93,2.48,54,0
603322,2.10,3.04,10.24,54,0
000049,1.28,1.30,4.47,54,0
603986,0.00,0.00,0.0,0,0
603881,0.76,2.62,6.77,20,1
603838,3.16,4.70,15.71,14,0
603608,1.48,1.35,5.14,54,0
603600,1.20,1.22,4.12,54,0
603598,1.69,1.46,5.83,54,0
603558,0.00,0.00,0.0,0,0
603555,0.00,0.00,0.0,0,0
603399,0.00,0.00,0.0,0,0
603268,1.77,1.58,6.32,47,0
603169,0.00,0.00,0.0,0,0
603111,0.88,1.97,5.04,8,0
603108,1.69,1.83,6.88,35,0
603021,1.81,1.45,6.11,54,0
603010,2.29,3.53,11.65,8,0
601998,1.01,1.11,3.37,54,0
601988,0.50,0.70,1.39,54,0
601866,0.74,0.95,2.43,54,0
601857,0.80,1.00,2.70,54,0
601727,0.00,0.00,0.0,0,0
601718,1.38,1.27,4.89,54,0
601700,0.00,0.00,0.0,0,0
601225,1.19,1.67,5.30,54,0
601168,0.00,0.00,0.0,3,0
601117,1.44,1.65,5.96,54,0
601113,1.90,1.63,6.90,23,0
601005,0.00,0.00,0.0,0,0
600979,0.00,0.00,0.0,0,0
600960,1.10,1.03,3.41,54,0
600897,0.87,0.93,2.66,54,0
600890,0.00,0.00,0.0,0,0
600876,0.00,0.00,0.0,0,0
600875,0.00,0.00,0.0,0,0
600859,0.00,0.00,0.0,0,0
600855,0.00,0.00,0.0,0,0
600834,1.13,1.48,4.59,40,0
600807,0.00,0.00,0.0,0,0
600781,0.96,1.38,3.81,54,0
600769,1.30,1.60,5.27,54,0
600768,0.00,0.00,0.0,0,0
600753,1.62,2.20,7.37,33,0
600747,0.00,0.00,0.0,0,0
600736,0.79,1.09,2.73,27,0
600735,0.00,0.00,0.0,3,0
600734,1.71,0.89,4.70,11,0
600733,0.00,0.00,0.0,0,0
600725,0.00,0.00,0.0,0,0
600719,1.42,1.54,5.40,54,0
600714,2.03,2.27,8.56,44,0
600696,1.98,1.96,7.66,25,0
600692,2.18,2.28,8.66,54,0
600681,1.25,1.99,6.09,13,0
600673,0.00,0.00,0.0,0,0
600665,1.02,1.19,3.48,54,0
600664,0.96,1.00,2.94,54,0
600657,1.22,1.24,4.22,42,0
600655,0.00,0.00,0.0,4,0
600654,0.00,0.00,0.0,0,0
600649,0.00,0.00,0.0,0,0
600645,0.00,0.00,0.0,0,0
600643,1.25,1.43,4.96,54,0
600636,0.00,0.00,0.0,0,0
600635,0.87,0.87,2.53,54,0
600633,1.90,1.43,6.46,18,0
600602,1.10,1.25,3.89,32,0
600590,1.73,1.80,6.67,25,0
600559,0.87,1.06,3.05,27,0
600556,1.02,1.30,3.89,16,0
600551,0.00,0.00,0.0,0,0
600526,0.96,1.18,3.41,54,0
600490,1.50,1.21,4.93,43,0
600485,2.01,0.56,4.09,8,1
600481,1.46,1.86,6.31,43,0
600470,1.34,1.60,5.37,54,0
600469,1.60,2.06,7.19,30,0
600432,1.27,1.12,4.25,38,0
600425,2.40,3.29,11.17,54,0
600406,1.54,1.95,6.98,11,0
600403,1.00,1.08,3.25,54,0
600400,1.32,2.04,6.54,11,0
600387,1.62,2.30,7.64,34,1
600375,1.20,1.36,4.62,50,0
600365,0.85,1.25,3.35,54,0
600358,1.90,1.98,7.53,37,0
600346,0.00,0.00,0.0,0,0
600337,1.46,1.27,4.86,54,0
600311,1.37,1.68,5.68,54,0
600310,1.72,1.58,6.04,49,0
600277,1.12,1.37,4.46,52,0
600269,0.62,0.74,1.56,54,0
600248,1.40,1.47,5.24,54,0
600242,0.00,0.00,0.0,0,0
600240,0.94,1.24,3.53,54,0
600239,1.76,2.20,7.55,23,0
600225,0.00,0.00,0.0,0,0
600220,0.72,0.86,2.01,54,0
600219,0.93,1.04,3.04,54,0
600212,0.00,0.00,0.0,0,0
600185,0.66,0.75,1.87,54,0
600176,0.97,1.04,3.16,54,0
600173,2.84,2.53,10.74,6,0
600161,0.00,0.00,0.0,0,0
600152,0.00,0.00,0.0,0,0
600151,0.00,0.00,0.0,0,0
600146,1.29,1.31,4.69,15,0
600145,0.00,0.00,0.0,0,0
600143,1.42,1.26,5.04,17,0
600136,1.76,1.58,6.24,37,0
600099,2.50,3.20,11.33,49,0
600089,0.91,1.06,3.10,54,0
600088,1.10,1.05,3.42,54,0
600083,1.42,1.66,5.58,52,0
600077,0.99,1.22,3.40,54,0
600027,0.64,0.70,1.63,54,0
600009,0.57,0.58,1.23,54,0
300535,0.00,0.00,0.0,0,0
300526,0.00,0.00,0.0,0,0
300518,0.00,0.00,0.0,0,0
300490,0.00,0.00,0.0,0,0
300486,2.36,1.46,7.37,29,0
300479,0.00,0.00,0.0,0,0
300469,2.16,0.91,5.60,25,0
300467,1.47,2.11,6.68,17,0
300440,1.57,1.22,4.97,42,0
300428,1.68,1.84,6.71,20,0
300423,1.58,1.47,5.55,39,0
300420,0.00,0.00,0.0,0,0
300395,1.70,1.41,5.81,54,0
300392,1.57,1.00,4.37,23,0
300367,0.00,0.00,0.0,1,0
300364,1.77,1.58,6.42,37,0
300359,1.70,1.51,6.01,46,0
300353,2.09,2.30,8.71,50,0
300344,2.20,2.06,8.50,54,0
300332,1.25,1.12,4.06,54,0
300322,1.48,1.32,5.14,45,0
300319,2.04,3.62,11.31,13,0
300315,1.63,1.27,5.23,25,0
300309,1.46,2.29,7.20,36,0
300308,2.24,2.52,9.47,50,0
300276,0.00,0.00,0.0,0,0
300271,0.00,0.00,0.0,3,0
300268,3.45,2.53,11.96,48,0
300266,0.93,1.44,4.04,28,0
300257,1.58,1.57,5.98,54,0
300254,1.17,1.13,3.70,54,0
300223,0.00,0.00,0.0,1,0
300212,0.00,0.00,0.0,0,0
300209,2.45,2.45,9.71,36,1
300201,1.65,1.77,6.36,32,0
300200,1.59,1.85,6.42,50,0
300192,1.60,1.85,6.61,52,0
300150,0.00,0.00,0.0,0,0
300149,0.00,0.00,0.0,1,0
300148,1.45,1.89,6.55,29,0
300143,1.82,1.81,6.97,50,0
300134,1.78,1.27,5.64,35,0
300118,0.91,0.96,2.73,50,0
300107,1.25,1.30,4.30,54,0
300102,1.44,1.21,4.77,54,0
300088,0.00,0.00,0.0,0,0
300068,1.28,0.98,3.96,22,0
300065,0.00,0.00,0.0,0,0
300057,1.67,1.51,6.05,54,0
300051,1.80,1.56,6.32,28,0
300048,1.02,1.07,3.23,54,0
300043,1.28,1.23,4.27,54,0
300040,1.35,1.52,5.30,51,0
300025,1.42,1.41,5.16,51,0
300021,1.80,1.54,6.32,40,0
300014,1.87,1.68,6.81,54,0
002856,0.00,0.00,0.0,0,0
002855,0.00,0.00,0.0,0,0
002827,2.07,1.98,8.07,54,0
002816,3.06,2.36,10.63,42,0
002813,2.84,2.33,10.18,36,0
002812,2.07,1.67,7.27,32,0
002806,1.65,1.74,6.42,7,0
002803,3.41,3.79,14.41,31,0
002795,0.00,0.00,0.0,0,0
002761,1.37,2.33,7.23,19,1
002747,1.28,1.31,4.60,40,0
002745,0.00,0.00,0.0,0,0
002740,1.52,1.15,4.80,14,0
002735,2.34,2.56,9.67,29,0
002724,1.50,2.11,6.94,11,0
002717,1.43,1.15,4.44,47,0
002696,1.32,1.70,5.84,18,0
002685,0.00,0.00,0.0,3,0
002681,0.00,0.00,0.0,3,0
002675,1.48,1.20,4.85,13,0
002670,1.48,1.25,4.76,22,0
002666,0.91,0.99,2.76,54,0
002664,0.00,0.00,0.0,2,0
002652,0.00,0.00,0.0,0,0
002638,1.87,1.95,7.44,23,1
002606,1.21,2.05,6.07,50,2
002600,1.75,1.81,6.93,47,0
002598,1.49,1.54,5.65,54,0
002578,0.00,0.00,0.0,0,0
002576,3.01,3.43,12.88,27,1
002575,1.51,1.68,5.84,31,0
002556,1.82,1.81,6.95,54,0
002547,1.09,1.43,4.41,42,0
002532,1.33,1.40,5.04,54,0
002526,0.00,0.00,0.0,0,0
002520,1.41,1.39,5.13,54,0
002517,1.40,1.64,5.65,54,0
002513,1.02,1.09,3.43,52,0
002509,0.00,0.00,0.0,0,0
002503,1.50,1.71,6.06,54,0
002501,1.13,1.29,4.21,54,0
002492,0.00,0.00,0.0,0,0
002486,2.19,2.04,8.28,48,0
002464,3.24,1.90,10.19,22,0
002461,1.41,1.91,6.18,54,0
002443,1.34,1.45,5.04,18,0
002426,1.47,0.86,3.92,22,0
002411,1.59,2.00,6.85,42,0
002400,0.00,0.00,0.0,0,0
002384,1.26,1.50,5.01,54,0
002383,1.31,2.27,7.05,15,0
002379,0.00,0.00,0.0,0,0
002335,0.00,0.00,0.0,2,0
002316,0.00,0.00,0.0,0,0
002312,1.75,1.46,5.95,54,0
002309,0.83,1.11,2.92,54,0
002299,1.18,1.30,4.53,38,0
002286,1.91,1.65,6.84,44,0
002282,0.00,0.00,0.0,0,0
002269,1.74,2.09,7.29,54,0
002266,0.97,0.96,3.03,54,0
002260,0.00,0.00,0.0,0,0
002255,1.23,1.74,5.56,52,0
002248,1.68,1.59,6.32,48,0
002193,1.66,1.67,6.30,48,0
002188,1.21,1.46,4.67,54,0
002168,1.61,2.09,7.22,27,0
002165,1.32,1.04,3.89,39,0
002162,1.10,1.52,4.83,6,0
002144,0.89,1.03,2.69,54,0
002134,1.94,2.20,8.12,37,0
002132,0.00,0.00,0.0,5,0
002129,0.00,0.00,0.0,0,0
002115,1.25,1.19,3.99,21,0
002113,0.00,0.00,0.0,0,0
002092,1.47,1.43,5.15,45,0
002085,1.09,0.99,3.31,54,0
002083,0.83,0.95,2.43,54,0
002082,1.32,1.91,6.38,17,0
002076,1.03,1.53,4.45,54,0
002075,0.00,0.00,0.0,0,0
002065,1.29,1.37,4.67,54,0
002061,1.77,1.60,6.42,31,0
002057,1.97,2.16,7.94,50,0
002054,1.19,1.14,3.87,54,0
002050,1.18,1.12,3.95,52,0
002049,1.21,1.06,3.70,42,0
002025,0.00,0.00,0.0,0,0
002017,1.47,1.61,5.61,54,0
002014,1.50,1.19,4.59,54,0
002011,0.73,1.01,2.51,54,0
002002,1.15,1.42,4.49,54,0
000982,0.00,0.00,0.0,0,0
000981,1.53,1.62,5.88,26,0
000979,0.59,0.76,1.65,36,0
000939,1.52,1.84,6.35,54,0
000938,1.17,0.93,3.18,53,0
000935,3.36,1.89,10.43,23,0
000916,0.00,0.00,0.0,0,0
000912,0.00,0.00,0.0,0,0
000903,1.40,1.35,5.26,6,0
000829,0.00,0.00,0.0,0,0
000821,0.00,0.00,0.0,0,0
000803,1.95,1.78,7.02,15,0
000797,1.18,1.24,4.15,54,0
000723,1.75,2.28,7.60,42,0
000716,1.64,1.98,7.24,13,0
000711,0.00,0.00,0.0,0,0
000697,0.00,0.00,0.0,0,0
000693,0.00,0.00,0.0,0,0
000682,0.00,0.00,0.0,0,0
000680,1.62,1.83,6.64,54,0
000673,1.62,2.06,7.13,24,0
000616,0.68,0.75,1.75,54,0
000613,1.41,2.01,6.62,39,0
000592,1.46,1.36,4.95,54,0
000586,1.34,1.64,5.45,22,0
000584,0.00,0.00,0.0,0,0
000570,1.21,1.30,4.42,54,0
000568,1.33,1.32,4.81,54,0
000566,1.09,1.42,4.35,47,0
000560,0.00,0.00,0.0,0,0
000558,0.00,0.00,0.0,0,0
000516,0.00,0.00,0.0,0,0
000509,1.90,1.89,7.30,52,0
000415,1.22,0.89,3.46,48,0
000413,1.88,1.18,5.73,29,0
000407,2.05,2.27,8.50,54,0
000301,0.96,1.16,3.44,54,0
000153,1.36,1.22,4.87,22,0
000069,0.64,0.78,1.84,54,0
000068,1.15,1.12,3.86,54,0
000063,0.91,0.94,2.96,54,0
000050,0.00,0.00,0.0,0,0
000043,1.70,1.75,6.76,54,0
000042,0.00,0.00,0.0,0,0
000032,1.50,1.81,6.29,47,0
000029,0.00,0.00,0.0,0,0
000010,1.26,1.52,4.88,54,0
000007,1.67,1.16,5.13,22,0
300473,1.58,1.39,5.37,18,0
600137,1.57,2.14,6.93,54,0
300462,1.54,1.94,6.63,34,0
002715,1.28,1.42,4.89,54,0
000065,1.77,1.69,6.59,54,0
601628,1.19,1.12,3.88,54,0
300590,2.48,2.90,10.73,35,0
600715,1.17,1.58,5.11,54,0
000777,1.04,1.01,3.13,54,0
002519,1.16,1.09,3.82,54,0
600634,1.12,1.33,4.12,54,0
300446,1.25,1.13,4.08,54,0
600898,1.65,1.57,6.05,54,0
002037,1.46,1.46,5.46,54,0
600685,1.60,1.81,6.59,54,0
300237,1.87,2.04,7.63,54,0
300218,1.42,1.50,5.24,54,0
600958,0.70,0.63,1.70,48,0
600493,1.50,1.59,5.74,54,0
002815,1.78,1.70,6.61,54,0
300273,1.58,1.27,5.06,45,0
002107,1.28,1.40,4.83,54,0
600135,1.32,1.38,4.86,54,0
600579,1.02,1.30,3.88,54,0
000701,0.88,1.04,2.86,54,0
603165,1.71,2.27,7.85,31,0
601579,1.36,1.15,4.37,54,0
600967,1.41,1.60,5.56,54,0
600335,1.25,1.29,4.44,54,0
601808,0.94,1.05,3.12,54,0
300225,1.49,1.90,6.56,54,0
300375,1.12,1.21,3.92,54,0
000806,1.35,1.53,5.05,54,0
300211,1.68,1.67,6.46,54,0
002072,1.50,2.48,7.66,54,0
600080,1.15,1.31,4.22,54,0
002176,1.23,1.10,3.95,54,0
300585,1.46,2.34,7.53,43,0
002069,0.95,0.96,2.87,54,0
600015,0.89,0.76,2.16,54,0
600491,1.47,1.46,5.55,54,0
603559,2.53,2.76,10.55,54,0
000060,1.42,1.32,5.04,54,0
601375,2.33,3.12,10.83,41,0
000612,1.87,2.09,7.64,54,0
000713,1.02,1.33,3.89,54,0
002604,1.27,1.19,4.39,54,0
002086,1.34,1.42,4.92,44,0
000404,1.21,1.39,4.52,54,0
600749,1.52,1.52,5.57,48,0
600835,0.64,0.79,1.75,54,0
600326,1.61,1.89,6.57,54,0
603328,1.04,1.25,3.93,54,0
601766,0.82,0.88,2.45,54,0
600998,1.14,1.43,4.48,54,0
600287,1.21,1.25,4.23,54,0
002001,0.92,1.09,3.23,50,0
002538,1.19,1.23,3.94,54,0
300163,1.70,1.81,6.73,49,0
600298,1.03,1.21,3.89,54,0
603333,1.81,2.20,7.82,54,0
002372,1.20,1.28,4.09,54,0
000418,1.06,1.25,3.84,54,0
601599,1.26,1.35,4.69,54,0
603227,1.43,1.62,5.54,54,0
000008,0.94,0.89,2.78,54,0
002141,1.85,1.55,6.51,54,0
000599,1.36,1.76,5.88,54,0
600536,1.34,1.40,4.70,54,0
000700,0.89,1.01,2.99,54,0
603309,1.01,1.05,3.04,54,0
002641,0.96,1.01,2.91,54,0
002060,0.97,1.00,3.13,54,0
603166,1.73,1.59,6.25,54,0
002288,1.39,1.55,5.23,54,0
002370,0.99,1.39,4.09,54,0
600399,1.43,1.46,5.25,54,0
300184,2.11,2.08,8.15,49,0
600012,1.62,1.59,6.06,54,0
300430,1.50,1.40,5.32,54,0
600339,1.49,1.44,5.49,54,0
002270,1.07,1.22,3.77,54,0
002483,1.64,2.34,7.61,54,0
601985,0.68,0.76,1.95,54,0
600716,0.97,1.17,3.36,54,0
002087,1.16,1.37,4.44,54,0
000823,1.55,1.79,6.46,54,0
601006,0.85,0.90,2.72,54,0
600853,1.55,1.42,5.52,54,0
002120,2.25,2.19,8.76,54,0
002190,1.22,1.11,3.82,54,0
600350,1.04,1.26,3.93,54,0
300298,1.14,1.63,5.13,54,0
000078,0.95,0.94,2.91,54,0
002762,1.61,3.23,9.62,54,0
002354,1.42,1.50,5.46,54,0
600642,0.47,0.69,1.32,54,0
600812,0.66,0.70,1.69,54,0
000887,0.89,1.55,4.11,15,0
002595,1.34,1.41,4.85,54,0
600368,1.13,1.20,3.84,54,0
600292,0.72,0.77,1.92,54,0
000786,1.08,1.43,4.44,54,0
002391,1.59,1.78,6.62,54,0
300076,0.00,0.00,0.0,5,0
000800,1.49,1.34,5.11,54,0
000626,1.73,1.12,5.04,54,0
601179,0.89,1.03,2.93,54,0
300197,1.40,1.39,5.18,54,0
002731,1.22,1.06,3.81,54,0
600064,0.54,0.69,1.42,54,0
603006,1.86,1.96,7.46,54,0
300340,2.32,1.98,8.46,54,0
601566,1.06,1.25,3.77,54,0
002215,1.36,1.62,5.67,54,0
000539,0.61,0.84,1.85,54,0
002375,0.92,0.85,2.49,54,0
002147,1.51,1.37,5.38,54,0
000886,1.06,0.87,2.97,54,0
603766,1.02,1.13,3.53,54,0
002250,1.14,1.34,4.36,54,0
601126,1.25,1.42,4.59,54,0
300039,0.73,0.81,2.05,54,0
002771,1.63,1.21,5.10,49,0
600744,0.95,0.95,2.86,54,0
603528,1.65,1.46,5.69,54,0
300012,1.30,1.44,5.11,54,0
600372,1.04,1.34,3.88,54,0
000738,1.18,1.29,4.17,54,0
600706,1.01,1.23,3.69,54,0
300569,2.00,1.71,7.14,54,0
300007,1.31,1.39,4.86,54,0
601169,0.61,0.65,1.53,54,0
000998,1.08,1.01,3.32,54,0
002477,0.69,0.74,1.89,54,0
000825,1.70,2.06,7.05,54,0
000665,0.63,0.84,1.83,54,0
002347,2.31,2.15,8.60,44,0
603299,1.64,1.77,6.38,54,0
600020,0.66,0.87,1.95,54,0
600892,2.32,2.39,9.13,11,0
002773,1.21,1.30,4.34,54,0
002586,1.23,1.14,4.16,54,0
600177,0.44,0.53,1.04,54,0
000997,1.27,1.21,4.25,54,0
600093,1.19,1.21,4.16,54,0
002055,1.63,1.41,5.63,54,0
000090,1.11,0.95,3.28,54,0
000526,1.30,1.48,4.98,54,0
600743,0.95,0.92,2.56,54,0
002451,2.03,2.82,9.59,54,0
300082,1.87,1.63,6.77,54,0
603315,1.28,1.57,5.20,54,0
002475,1.19,1.46,4.65,54,0
603628,1.90,4.49,12.78,34,0
002262,1.14,1.40,4.51,54,0
002018,1.45,1.24,4.80,54,0
600496,0.83,1.06,2.92,44,0
300445,1.67,1.39,5.79,54,0
300399,1.80,1.47,6.09,54,0
000502,1.54,1.28,5.00,54,0
002701,1.12,1.04,3.47,54,0
601555,0.94,0.83,2.52,54,0
603040,0.59,1.07,3.26,19,0
601238,1.07,1.29,3.93,54,0
600289,0.87,1.11,2.95,54,0
600578,0.46,0.69,1.35,54,0
300069,1.95,1.71,7.05,54,0
002254,0.94,1.01,3.00,54,0
603699,0.83,0.97,2.68,54,0
601929,0.60,0.78,1.57,54,0
000758,1.34,1.34,4.79,54,0
002498,0.56,0.70,1.56,54,0
002334,0.91,1.20,3.35,54,0
600804,1.17,1.06,3.72,49,0
000430,0.75,1.13,2.78,54,0
600748,1.17,1.00,3.59,54,0
300217,0.89,0.97,2.63,54,0
002437,1.16,1.36,4.18,54,0
600094,0.57,0.88,1.96,54,0
600179,1.36,1.60,5.20,54,0
600271,0.73,0.82,2.11,54,0
601818,0.71,0.70,1.78,54,0
601969,1.30,1.51,4.93,54,0
000926,0.83,1.00,2.69,51,0
000952,1.24,1.38,4.78,54,0
600499,0.97,1.14,3.38,54,0
600000,0.64,0.49,1.33,54,0
600315,0.77,0.79,2.10,54,0
002557,0.78,0.82,2.01,54,0
000876,0.54,0.56,1.30,54,0
300207,1.55,1.59,6.02,46,0
000681,1.30,1.31,4.58,54,0
600869,0.78,0.84,2.33,54,0
002565,1.19,1.31,4.29,54,0
000552,0.94,1.04,3.02,54,0
002179,1.18,1.16,3.99,54,0
603020,0.80,0.88,2.35,54,0
002512,1.57,1.61,5.93,54,0
002502,1.53,1.27,4.98,54,0
000767,0.74,0.95,2.44,54,0
002485,1.95,2.07,7.89,54,0
600162,0.91,0.94,2.82,54,0
603222,1.51,1.56,5.58,54,0
600539,1.14,1.72,5.31,47,0
600844,1.45,1.25,4.74,54,0
601211,0.81,0.77,2.12,54,0
600332,0.71,0.86,2.07,54,0
002237,0.92,1.04,3.09,54,0
000035,1.08,1.39,4.21,54,0
601965,1.21,1.84,5.75,54,0
000729,0.75,0.84,2.12,54,0
000429,0.79,1.09,2.71,54,0
600139,1.60,1.72,6.24,54,0
600128,1.21,1.34,4.47,54,0
300519,1.47,1.33,5.09,54,0
600711,1.71,1.65,6.30,38,0
002574,1.28,1.24,4.38,54,0
000597,1.40,1.66,5.75,54,0
002489,0.96,1.07,3.10,54,0
002081,0.93,1.12,3.36,54,0
603018,0.81,1.33,3.47,54,0
600617,0.91,1.05,2.88,54,0
002539,1.21,1.48,4.82,54,0
300205,1.33,1.31,4.66,54,0
000959,1.31,1.56,5.11,54,0
002415,1.09,1.07,3.52,54,0
000965,1.50,1.24,4.88,54,0
000793,1.34,1.77,5.84,54,0
600824,1.44,1.59,5.55,54,0
300448,1.62,1.55,5.80,54,0
601101,1.15,1.36,4.50,54,0
601886,1.16,1.06,3.75,54,0
600712,1.12,1.47,4.54,54,0
002351,2.00,2.18,8.10,54,0
600369,0.63,0.68,1.67,54,0
600651,1.33,1.31,4.68,52,0
601098,0.73,0.86,2.10,54,0
002091,0.86,0.94,2.65,54,0
600873,0.91,0.93,2.72,54,0
600231,1.52,1.87,6.23,54,0
300139,1.23,1.38,4.64,54,0
300160,1.77,2.16,7.56,54,0
601088,0.85,0.79,2.27,54,0
002145,1.31,1.18,4.20,54,0
300343,1.89,2.16,7.88,54,0
000540,0.91,0.66,2.17,41,0
000727,0.90,0.80,2.42,15,0
000719,1.33,1.55,5.31,54,0
600795,0.73,0.93,2.34,54,0
600992,2.28,2.06,8.44,54,0
000925,1.47,1.67,5.70,49,0
600616,1.53,1.40,5.32,54,0
002660,1.34,1.29,4.77,54,0
002487,1.58,1.90,6.51,54,0
300037,1.61,1.39,5.52,54,0
000630,1.48,1.38,5.34,54,0
600352,0.84,0.80,2.29,54,0
600468,0.93,1.07,3.12,54,0
002753,1.84,2.00,7.25,54,0
002157,0.93,0.93,2.83,52,0
002111,1.14,1.04,3.37,54,0
002594,0.96,0.73,2.40,54,0
600862,1.08,1.09,3.41,54,0
600363,1.16,1.71,5.08,54,0
300185,0.80,0.96,2.65,54,0
000001,0.39,0.42,0.85,54,0
002170,0.64,1.30,3.00,54,0
000968,1.20,1.36,4.60,54,0
600328,1.32,1.38,4.85,54,0
000717,1.42,1.69,5.74,54,0
002484,1.65,1.81,6.59,54,0
000023,1.74,1.76,6.79,54,0
000020,1.91,1.48,6.39,54,0
002514,1.47,1.71,5.89,54,0
000025,1.68,1.14,4.91,54,0
600981,0.94,1.35,3.74,54,0
603669,1.20,1.20,3.93,54,0
600549,1.71,1.67,6.46,54,0
002066,1.73,1.65,6.43,54,0
601997,1.49,1.44,5.45,54,0
300181,0.92,0.99,2.91,54,0
002020,0.84,0.84,2.50,54,0
603898,1.63,1.62,6.32,54,0
600558,1.62,1.92,6.69,54,0
002322,1.56,1.64,6.11,54,0
300284,1.53,1.38,5.36,54,0
300129,0.97,1.34,3.81,54,0
000150,1.11,0.94,3.31,54,0
002615,1.20,1.29,4.28,54,0
603228,2.63,2.40,10.07,38,0
000419,1.22,1.28,4.28,54,0
000006,1.55,1.30,5.04,54,0
600163,0.93,1.28,3.77,54,0
300529,1.80,1.41,6.02,54,0
000656,1.40,1.79,5.89,54,0
002725,2.14,2.67,9.20,28,0
000999,0.78,0.90,2.37,54,0
600023,0.77,0.93,2.37,54,0
300549,2.10,1.65,7.24,54,0
002712,1.69,1.76,6.66,54,0
600792,1.15,1.46,4.60,54,0
601717,1.64,2.01,7.15,54,0
600405,0.96,1.09,3.18,54,0
002064,1.42,1.52,5.44,54,0
300280,1.34,1.90,5.96,54,0
002217,1.67,1.41,5.89,54,0
601166,0.66,0.47,1.37,54,0
000778,1.30,1.44,5.00,54,0
600533,1.11,1.14,3.58,54,0
000530,1.16,1.19,3.86,54,0
600103,1.14,1.19,3.74,54,0
601199,0.83,0.97,2.51,54,0
600309,1.47,1.55,5.75,54,0
000518,1.54,1.39,5.36,54,0
002110,3.18,3.23,12.83,54,0
300092,1.54,1.40,5.36,54,0
603999,1.40,1.45,5.13,54,0
600597,0.83,0.96,2.42,54,0
300274,0.93,0.96,2.81,54,0
002311,0.83,1.10,2.99,54,0
000862,1.38,1.52,5.44,54,0
002596,1.29,1.71,5.45,54,0
002450,1.05,0.89,2.96,54,0
300317,2.08,1.76,7.35,54,0
300453,1.33,1.27,4.53,54,0
000608,1.74,1.92,7.07,54,0
300269,1.01,1.27,3.98,54,0
300265,1.98,1.80,7.36,54,0
002700,1.45,1.69,5.73,54,0
300158,1.01,1.36,4.03,54,0
002142,1.03,1.02,3.27,54,0
600396,0.66,0.78,1.68,54,0
600817,1.55,1.10,4.81,54,0
600029,1.14,1.18,3.78,54,0
601318,0.67,0.54,1.53,54,0
603090,2.30,2.14,8.69,54,0
600726,0.76,0.86,2.40,54,0
600663,1.13,0.92,3.22,51,0
600104,0.93,0.95,2.82,54,0
002734,1.12,1.47,4.57,54,0
002331,1.42,1.79,6.08,54,0
600870,1.05,1.66,4.90,53,0
000889,1.55,1.86,6.45,52,0
002216,1.51,1.85,6.23,54,0
300371,2.41,1.75,8.12,54,0
300050,1.20,1.34,4.37,54,0
600518,0.63,0.81,1.83,54,0
601588,0.82,1.00,2.73,54,0
600193,1.18,1.22,4.01,54,0
002154,1.40,1.34,4.96,54,0
002625,1.75,1.31,5.69,54,0
600966,1.75,1.99,7.06,54,0
002691,2.40,2.00,8.52,54,0
002247,1.60,1.59,5.92,54,0
600200,1.46,1.10,4.48,54,0
002678,1.40,1.46,5.00,54,0
600378,1.31,1.22,4.59,54,0
600489,0.75,1.00,2.39,54,0
600815,1.61,1.71,6.19,54,0
000822,1.90,2.43,8.53,54,0
300170,1.17,1.18,4.06,54,0
000883,0.51,0.69,1.46,54,0
000810,1.28,1.11,3.99,54,0
600487,1.08,1.12,3.75,54,0
002118,1.02,1.07,3.26,54,0
000795,1.68,1.61,6.11,54,0
000422,1.51,1.77,6.25,54,0
300452,1.69,1.43,5.77,54,0
000027,0.65,0.77,1.75,54,0
002047,1.53,1.26,5.11,54,0
000690,1.44,1.67,5.59,20,0
002428,1.39,1.30,4.83,54,0
600513,1.25,1.07,3.88,54,0
600252,0.54,0.81,1.64,54,0
002746,2.05,1.71,7.38,54,0
600767,1.63,1.80,6.50,54,0
002811,1.69,1.53,6.07,54,0
000600,0.50,0.59,1.27,54,0
002500,1.25,1.01,3.82,54,0
600771,0.78,1.28,3.24,54,0
603609,1.50,1.70,5.99,54,0
300321,1.46,1.41,5.01,54,0
300498,0.78,0.73,2.05,54,0
300419,1.72,1.44,5.67,54,0
300108,1.29,1.30,4.53,54,0
000789,1.97,2.23,8.18,54,0
600821,2.12,1.69,7.44,54,0
002277,1.81,1.68,6.61,54,0
600986,1.10,1.27,3.94,54,0
600548,0.65,0.86,2.08,54,0
601106,1.11,1.11,3.57,54,0
600837,0.83,0.66,1.94,54,0
601908,0.72,1.08,2.57,54,0
002178,1.64,1.58,6.16,54,0
600825,1.01,1.25,3.74,54,0
601518,0.99,1.30,3.74,50,0
002114,1.59,1.59,5.91,54,0
600061,0.77,0.85,2.27,54,0
600686,0.96,1.92,5.20,54,0
600959,0.81,1.02,2.65,54,0
000619,1.78,2.06,7.23,54,0
002276,1.31,1.10,3.91,54,0
000066,1.76,1.47,6.07,54,0
002393,1.02,0.98,3.08,54,0
002044,0.96,1.12,3.22,54,0
600004,0.67,0.82,1.96,54,0
002015,1.30,1.30,4.64,54,0
600236,0.65,0.88,2.03,54,0
600268,1.60,1.89,6.62,54,0
300117,1.43,1.32,4.90,54,0
600677,1.19,1.52,4.83,54,0
002548,1.08,1.05,3.41,54,0
600527,1.07,1.13,3.80,54,0
002137,1.30,1.22,4.43,54,0
300365,1.62,1.76,6.44,54,0
603636,0.96,1.94,5.21,52,0
600999,0.76,0.68,1.84,54,0
300070,1.17,1.00,3.59,54,0
600370,1.46,1.30,4.94,54,0
000605,1.66,1.71,6.42,54,0
300132,1.63,1.44,5.69,54,0
002609,0.86,1.08,2.88,54,0
600017,0.61,0.84,1.86,54,0
002659,1.81,1.69,6.55,38,0
600608,2.89,2.77,11.33,54,0
603358,1.93,2.97,9.79,25,0
300542,2.16,1.84,7.84,54,0
002096,1.26,1.49,4.76,54,0
600395,1.16,1.18,3.94,54,0
600648,0.87,1.07,3.04,54,0
600030,0.66,0.58,1.54,54,0
002471,0.99,0.93,2.81,54,0
000875,1.25,1.10,3.93,54,0
300327,1.73,1.80,6.79,54,0
300366,2.29,1.95,8.40,54,0
600157,0.70,0.83,1.91,54,0
000651,1.09,1.21,3.89,54,0
600557,0.92,1.08,2.98,54,0
000666,1.15,1.50,4.74,53,0
002184,1.41,1.36,5.07,54,0
000966,0.57,0.72,1.64,54,0
300267,0.98,1.13,3.42,54,0
002016,1.34,1.36,4.89,54,0
603198,1.01,0.96,3.09,54,0
300507,1.96,1.64,6.93,54,0
600740,1.47,1.65,5.71,54,0
300155,1.52,1.04,4.35,54,0
300165,1.62,1.31,5.31,44,0
000819,1.91,1.94,7.25,54,0
300091,0.72,1.19,2.84,54,0
002392,1.03,1.24,3.70,54,0
601377,0.77,0.78,2.04,54,0
300483,1.37,1.22,4.59,54,0
300095,1.48,1.67,5.82,54,0
300513,2.07,1.15,6.04,8,0
600529,1.27,1.17,4.20,54,0
600238,1.20,1.17,4.15,54,0
000662,1.34,1.40,4.86,54,0
600628,1.24,1.26,4.37,54,0
000910,1.42,1.56,5.66,54,0
600018,0.79,1.09,2.76,54,0
300035,1.73,1.44,6.00,53,0
000895,0.74,0.75,1.95,54,0
600798,1.27,1.40,4.81,54,0
600433,1.20,1.22,4.01,54,0
002293,0.84,0.97,2.63,54,0
300525,1.12,1.79,5.29,54,0
300563,2.51,2.32,9.55,54,0
002613,1.37,1.44,5.00,54,0
002559,1.19,0.91,3.27,54,0
601999,1.30,1.46,4.83,54,0
600703,1.37,1.55,5.53,54,0
300015,0.87,0.89,2.63,54,0
300169,1.50,1.67,5.95,54,0
600250,1.51,1.29,5.02,54,0
002644,0.94,0.88,2.58,54,0
600109,0.94,0.90,2.73,54,0
000529,1.45,1.41,5.14,54,0
002164,1.63,1.89,6.59,54,0
002647,1.72,1.88,6.92,54,0
600845,1.35,1.42,4.97,54,0
000667,0.64,0.79,1.63,54,0
601666,1.23,1.25,4.46,54,0
600970,1.36,1.47,5.12,54,0
300436,1.49,1.34,5.10,54,0
002633,1.85,1.81,7.14,54,0
603199,0.87,1.03,3.07,54,0
600366,0.85,0.88,2.54,54,0
002024,1.01,0.84,2.87,54,0
000892,1.27,0.88,3.47,54,0
600777,1.52,1.58,5.62,54,0
601118,1.60,1.50,5.81,54,0
600108,0.95,1.25,3.60,54,0
300531,2.81,2.16,9.88,54,0
002121,0.93,0.94,2.69,54,0
002590,1.85,1.55,6.20,54,0
601336,1.07,0.91,3.03,54,0
002537,1.25,1.34,4.59,54,0
603798,1.47,1.59,5.62,54,0
603306,1.05,0.97,3.17,54,0
600882,1.34,1.38,4.92,54,0
002778,1.71,1.69,6.52,54,0
600754,1.10,1.03,3.47,54,0
002109,0.93,1.14,3.39,54,0
000543,0.70,0.57,1.52,54,0
603308,1.26,0.94,3.57,16,0
002821,2.04,2.29,8.61,54,0
002128,1.05,1.05,3.38,54,0
300079,0.87,0.86,2.44,54,0
600016,0.57,0.46,1.31,54,0
000639,1.51,1.59,5.83,54,0
002268,0.97,1.15,3.31,54,0
000726,0.77,1.00,2.62,54,0
600687,1.31,1.74,5.64,30,0
600676,0.85,0.90,2.62,54,0
000932,1.64,1.29,5.24,49,0
600563,0.85,0.91,2.60,54,0
601231,0.96,1.09,3.16,54,0
002505,0.65,0.86,2.07,54,0
601069,0.90,1.04,2.89,54,0
002661,1.07,0.93,3.14,54,0
000409,1.87,1.90,7.16,54,0
000503,1.81,1.97,7.31,54,0
002067,1.30,1.16,4.13,54,0
600596,1.62,1.89,6.81,54,0
002755,2.44,2.67,10.09,54,0
002357,1.29,1.50,5.07,54,0
601099,1.02,1.08,3.36,44,0
600572,0.72,0.72,1.75,54,0
600963,1.34,1.45,5.02,54,0
600826,0.82,1.10,2.82,54,0
601515,1.00,0.92,2.85,54,0
300377,1.85,1.91,7.20,54,0
601899,0.89,1.01,2.93,54,0
002243,1.41,1.36,5.05,54,0
300167,1.38,1.78,5.93,54,0
600037,0.59,0.82,1.75,54,0
300584,1.25,2.16,6.81,34,0
000708,1.87,1.78,7.05,54,0
600833,1.53,1.79,6.18,54,0
600482,1.02,1.01,3.16,54,0
600723,1.11,1.14,3.64,54,0
002473,1.63,1.84,6.60,54,0
002442,1.38,1.28,4.72,54,0
600589,0.92,1.08,3.15,54,0
601901,0.92,1.31,3.63,44,0
300006,0.92,1.03,3.10,54,0
002305,0.92,1.02,2.88,54,0
000707,1.81,2.02,7.37,48,0
600517,0.99,1.10,3.42,54,0
002416,1.48,1.15,4.62,54,0
000506,2.33,2.37,9.25,46,0
603456,1.32,1.04,3.82,54,0
000750,1.02,0.87,2.90,29,0
600699,1.07,1.10,3.41,54,0
000620,1.35,1.35,4.80,54,0
601519,1.31,1.40,4.66,54,0
600796,1.49,1.67,5.84,54,0
600192,1.32,1.56,5.25,54,0
300140,1.65,1.71,6.49,54,0
600508,0.77,1.18,2.84,54,0
002385,0.80,0.67,2.02,54,0
600791,1.16,1.15,3.91,54,0
600988,0.83,0.99,2.57,54,0
002739,1.27,1.30,4.41,54,0
000816,1.31,1.31,4.60,54,0
000338,1.06,1.31,4.19,54,0
000766,1.15,1.18,3.92,54,0
600388,0.79,0.83,2.09,54,0
603727,1.95,1.98,7.73,54,0
600863,0.65,0.84,1.93,54,0
300552,1.83,1.63,6.54,54,0
603128,1.26,1.14,4.18,54,0
600697,0.96,1.12,3.31,54,0
300045,1.43,1.29,4.81,49,0
002287,2.48,2.76,10.44,54,0
000848,0.68,0.88,1.95,54,0
601001,1.20,1.34,4.46,54,0
600307,1.17,1.60,4.88,54,0
000725,1.28,1.47,4.93,54,0
002381,1.18,0.89,3.17,54,0
600689,1.93,1.72,6.94,54,0
601222,0.81,0.87,2.34,54,0
603167,0.82,0.97,2.56,54,0
002210,1.27,1.42,4.76,54,0
002540,0.81,0.85,2.11,54,0
300229,1.35,1.42,4.90,54,0
300183,1.45,1.35,5.06,54,0
000861,0.74,0.84,2.18,54,0
002125,1.72,1.51,6.10,54,0
300560,1.78,1.83,7.02,54,0
000166,0.74,0.63,1.63,29,0
300252,1.68,1.12,5.05,54,0
603158,1.59,1.89,6.59,54,0
000537,1.15,1.28,4.20,54,0
300533,1.80,1.58,6.34,54,0
600610,2.28,2.18,8.65,54,0
300488,1.81,1.48,6.15,54,0
000737,2.21,2.37,9.00,54,0
600891,1.23,1.51,4.88,54,0
600505,1.40,1.63,5.64,54,0
600637,0.53,0.55,1.14,54,0
600630,1.57,1.50,5.64,54,0
600153,0.75,0.73,1.97,54,0
002432,1.11,0.95,3.27,54,0
000557,1.47,1.60,5.64,44,0
600218,0.81,1.19,3.01,54,0
002507,1.36,1.45,5.23,54,0
600846,0.80,0.94,2.50,54,0
300567,3.14,2.74,11.75,54,0
600168,0.69,0.85,2.07,54,0
002836,1.71,2.49,8.40,43,0
002304,1.21,1.18,4.03,54,0
002363,1.21,1.30,4.32,54,0
600351,0.70,0.79,2.02,54,0
002135,0.90,0.98,2.81,54,0
600155,1.51,1.38,5.30,54,0
002007,0.87,0.93,2.62,54,0
600321,2.02,1.63,7.02,54,0
002736,0.97,0.63,2.00,54,0
002412,1.04,1.37,4.23,54,0
300010,1.38,1.28,4.65,54,0
002775,1.27,1.17,4.08,54,0
600459,1.36,1.68,5.60,54,0
002470,0.99,1.07,3.24,54,0
601928,0.51,0.66,1.34,54,0
601009,1.01,1.18,3.54,54,0
002627,1.11,1.21,3.91,54,0
600371,1.11,1.33,4.15,54,0
000751,1.15,1.29,4.16,54,0
002310,1.28,1.30,4.71,54,0
002673,1.21,0.90,3.34,54,0
600160,1.28,1.46,5.00,54,0
300286,1.25,1.38,4.66,54,0
002716,1.57,1.40,5.46,54,0
600436,0.71,0.70,1.79,54,0
600881,1.36,1.33,4.91,54,0
600547,0.83,1.02,2.66,54,0
300105,1.17,1.39,4.46,54,0
300295,1.28,1.28,4.40,54,0
300210,2.25,1.93,8.12,54,0
002620,2.03,1.63,7.04,54,0
002296,1.07,1.18,3.73,54,0
600555,1.08,1.00,3.15,54,0
002205,1.91,1.74,7.13,54,0
300610,0.65,1.14,3.58,17,0
300347,1.18,1.48,4.68,54,0
002495,1.17,1.18,3.90,54,0
000679,1.27,1.26,4.44,54,0
600207,1.45,1.61,5.69,54,0
600130,1.37,1.40,5.01,54,0
600811,0.63,0.72,1.69,54,0
600851,1.03,0.83,2.60,54,0
603883,0.88,0.95,2.73,54,0
601636,1.11,1.37,4.36,54,0
600839,0.77,0.93,2.38,54,0
002692,2.17,1.27,6.40,44,0
601258,0.72,0.91,2.24,54,0
300557,1.96,1.76,7.18,54,0
300182,1.18,1.33,4.40,54,0
002004,0.68,0.66,1.77,53,0
603868,0.91,1.12,3.10,54,0
600467,1.19,1.40,4.59,54,0
601788,0.71,0.66,1.72,54,0
300263,1.08,0.98,3.14,54,0
002535,0.99,1.21,3.68,54,0
600757,0.73,0.83,2.00,54,0
601188,1.43,1.56,5.51,54,0
603031,2.16,2.12,8.50,54,0
000971,1.34,1.68,5.40,54,0
601058,1.02,1.16,3.58,54,0
000958,0.97,0.92,2.79,54,0
600982,1.23,1.49,4.82,44,0
002787,1.70,1.39,5.61,54,0
300121,1.54,1.55,5.84,54,0
600790,1.32,1.45,4.90,54,0
600090,1.47,1.41,5.10,44,0
600379,1.95,1.93,7.57,54,0
600543,1.81,1.50,6.20,54,0
002523,1.02,1.24,3.76,54,0
300323,3.44,3.65,14.18,37,0
600195,0.81,1.08,2.71,54,0
601016,0.99,1.04,3.02,54,0
000011,2.25,1.77,7.71,54,0
002424,1.20,1.15,3.94,54,0
000989,0.99,0.90,2.83,54,0
000650,0.65,0.77,1.81,54,0
603366,1.25,1.23,4.31,54,0
600260,1.38,1.75,5.82,54,0
300435,1.50,1.53,5.58,54,0
603089,1.31,1.49,5.61,24,0
600502,1.46,1.40,5.34,53,0
300251,1.11,1.12,3.62,54,0
300087,1.27,1.71,5.54,54,0
002658,1.29,1.32,4.73,54,0
002528,1.25,1.18,4.00,54,0
000796,1.17,1.06,3.53,54,0
300434,1.57,1.58,5.93,49,0
600182,1.79,1.70,6.68,54,0
600684,0.99,1.12,3.34,54,0
600022,1.06,1.22,3.70,54,0
601198,0.94,0.80,2.55,54,0
002153,1.04,1.27,3.80,54,0
603789,1.15,1.18,3.73,54,0
601388,1.29,1.44,4.77,54,0
600512,1.21,1.23,4.18,54,0
002439,1.14,1.33,4.32,54,0
002223,0.79,0.76,2.03,54,0
600327,0.96,1.19,3.36,54,0
000937,1.75,1.83,7.10,54,0
002398,0.90,1.28,3.40,54,0
002233,1.88,2.13,7.80,54,0
300336,1.35,1.32,4.62,54,0
600312,0.78,0.83,2.24,54,0
002605,1.34,1.60,5.38,54,0
002612,1.14,1.09,3.70,54,0
600397,1.19,1.40,4.46,54,0
002376,0.89,1.03,2.93,54,0
002009,1.06,1.07,3.35,54,0
000408,0.84,1.01,2.80,54,0
000776,0.88,0.75,2.24,54,0
002294,0.70,0.72,1.84,54,0
600926,1.17,1.27,4.30,54,0
002765,1.36,1.37,4.98,54,0
601368,0.73,0.83,1.99,54,0
000046,0.82,0.65,1.76,54,0
002079,1.04,1.14,3.55,54,0
601229,0.96,0.89,2.82,54,0
600052,0.90,1.05,2.87,54,0
600410,1.19,1.14,3.96,54,0
002100,0.78,0.92,2.38,54,0
300349,2.00,1.47,6.70,54,0
600189,1.72,1.63,6.26,40,0
601799,0.92,1.08,3.06,54,0
600702,1.49,1.44,5.31,44,0
000593,1.30,1.39,4.77,54,0
600773,1.78,1.69,6.33,54,0
000534,1.65,1.51,5.93,54,0
000513,0.99,1.10,3.20,54,0
002417,1.74,1.28,5.53,44,0
002272,1.80,1.79,6.85,54,0
002688,0.99,1.00,3.04,54,0
300363,1.23,1.44,4.81,46,0
300262,1.20,1.34,4.45,54,0
002438,1.10,1.19,3.76,54,0
000591,1.05,0.97,3.33,54,0
000720,1.51,1.25,4.96,54,0
603566,1.18,1.39,4.63,54,0
300279,1.48,1.27,4.92,54,0
603239,2.14,3.03,10.30,42,0
600480,1.66,2.04,7.15,33,0
002029,0.90,0.89,2.53,54,0
600871,0.90,1.11,3.14,54,0
300074,1.17,1.24,4.12,54,0
600593,1.21,1.46,4.98,54,0
600611,0.83,0.77,2.23,54,0
002429,1.30,1.34,4.73,54,0
002446,1.21,1.22,4.10,54,0
002360,1.27,1.44,4.87,54,0
601139,0.73,1.03,2.53,54,0
601010,0.72,0.86,2.21,54,0
300041,0.98,1.22,3.63,54,0
603000,1.16,1.01,3.53,54,0
600229,0.99,1.05,3.06,54,0
300189,2.27,1.84,7.82,6,0
603520,1.56,1.52,5.70,54,0
002313,1.40,1.39,4.92,54,0
000826,0.88,0.91,2.47,54,0
002521,1.09,1.31,4.07,54,0
603016,2.05,2.05,7.98,54,0
002148,1.47,1.50,5.46,54,0
300290,1.51,1.38,5.22,54,0
600329,0.89,1.08,3.02,54,0
603778,1.19,1.18,3.99,54,0
300177,1.54,1.57,5.69,54,0
603900,1.92,1.79,7.20,53,0
603003,1.59,2.29,7.39,43,0
600976,1.18,1.32,4.27,54,0
600567,1.34,1.59,5.30,54,0
600479,0.96,1.07,3.24,54,0
002231,1.69,1.58,6.24,54,0
600784,1.42,1.62,5.67,54,0
002177,1.08,1.06,3.37,54,0
000897,1.86,1.87,7.17,54,0
000850,0.97,1.07,3.18,54,0
300354,1.69,1.64,6.27,54,0
300119,1.29,1.13,4.07,54,0
300318,1.20,1.02,3.77,54,0
603117,1.09,1.17,3.68,45,0
600380,0.96,0.94,2.86,54,0
603288,0.70,0.95,2.33,54,0
600738,1.34,1.37,4.74,48,0
600755,0.97,1.04,3.33,54,0
300097,1.60,1.65,6.22,54,0
600745,2.00,1.54,6.64,54,0
300538,1.69,1.54,6.13,54,0
002463,0.83,0.89,2.50,54,0
603011,1.15,1.55,4.85,54,0
002488,1.35,1.10,4.11,54,0
002185,1.16,0.97,3.55,54,0
603208,1.53,2.24,7.45,18,0
600776,1.09,1.14,3.52,54,0
300511,1.60,1.49,5.62,54,0
000631,0.93,1.13,3.36,54,0
000685,0.61,0.66,1.48,54,0
600828,1.28,1.77,5.62,54,0
603088,1.33,1.95,6.16,54,0
300147,0.91,0.88,2.55,54,0
002181,1.07,0.92,3.12,54,0
002281,1.24,1.69,5.34,54,0
600074,1.11,1.39,4.46,54,0
600652,1.03,1.15,3.50,54,0
002690,1.03,1.05,3.31,54,0
600612,0.73,1.11,2.71,54,0
000019,1.90,1.66,6.79,54,0
600067,0.93,0.85,2.52,54,0
002166,1.42,2.14,6.82,54,0
000157,0.98,0.99,2.90,54,0
601128,1.96,2.21,7.81,54,0
002640,1.84,1.73,6.75,48,0
300351,1.08,1.14,3.56,54,0
002221,1.37,1.43,5.04,54,0
603678,1.03,1.33,4.00,54,0
600338,1.78,1.56,6.39,54,0
603899,0.86,0.90,2.50,54,0
603638,1.02,2.58,7.20,28,0
600618,1.44,1.54,5.40,54,0
000089,0.90,1.08,2.97,54,0
600299,0.75,1.04,2.51,54,0
300296,1.46,1.23,4.88,54,0
002161,1.06,1.08,3.23,54,0
000967,1.32,1.37,4.92,54,0
600793,1.69,2.34,7.74,54,0
300292,1.42,1.22,4.63,54,0
600203,1.02,1.34,3.87,54,0
603996,1.33,1.58,5.14,54,0
600785,1.37,1.24,4.59,54,0
000400,1.27,1.55,5.11,54,0
600780,1.00,1.14,3.46,54,0
000156,0.81,0.68,1.84,54,0
600516,0.91,1.02,2.90,54,0
600604,1.81,1.72,6.56,54,0
300171,1.02,1.02,3.28,54,0
002073,1.06,1.03,3.27,54,0
603585,1.84,1.70,7.01,54,0
000868,1.03,1.06,3.33,47,0
002445,1.30,1.74,5.45,48,0
600196,0.85,0.88,2.54,54,0
601939,0.58,0.79,1.71,54,0
000538,1.40,0.99,4.06,42,0
000014,1.46,1.35,5.02,54,0
000792,0.91,0.82,2.40,54,0
002275,0.74,0.75,1.86,54,0
600035,0.94,1.31,3.80,54,0
300033,1.23,1.33,4.66,54,0
600171,0.81,0.88,2.55,14,0
601966,1.06,1.00,3.25,54,0
002551,1.04,1.00,3.00,54,0
002005,0.79,1.01,2.62,54,0
002536,1.00,0.93,2.85,54,0
002327,0.84,0.99,2.84,54,0
000559,1.08,0.78,2.74,54,0
603919,1.25,1.14,3.98,54,0
603100,1.09,1.27,3.91,54,0
600509,1.05,1.20,3.62,54,0
600583,1.09,1.26,3.91,54,0
002116,1.19,1.17,3.97,54,0
603839,2.16,3.20,10.72,16,0
600191,1.22,1.34,4.25,54,0
002581,1.21,1.58,4.97,54,0
600919,1.06,1.08,3.47,54,0
600305,0.76,1.01,2.56,54,0
600206,1.01,1.21,3.59,54,0
300540,1.68,1.79,6.59,54,0
603877,2.72,3.15,11.65,37,0
300081,2.12,1.70,7.42,54,0
601677,1.50,1.37,5.43,54,0
002587,1.43,1.29,4.96,54,0
600166,1.09,1.40,4.48,54,0
002056,1.01,1.27,3.90,54,0
000421,0.91,0.89,2.49,54,0
000016,1.00,0.93,2.80,54,0
002456,1.37,1.15,4.56,54,0
300077,1.20,1.22,4.03,54,0
002098,2.39,2.17,8.86,50,0
000576,2.11,2.52,9.23,53,0
300255,0.96,0.91,2.77,54,0
300214,1.10,1.42,4.25,54,0
600707,1.22,1.23,4.18,54,0
600584,1.32,1.10,4.25,49,0
600360,1.22,1.35,4.33,54,0
300437,1.92,1.82,7.01,54,0
002572,1.01,1.27,3.90,54,0
300520,2.10,1.83,7.59,54,0
000686,0.90,0.80,2.34,54,0
300360,1.05,1.15,3.48,54,0
600458,0.84,0.98,2.61,54,0
300575,1.79,1.97,7.35,50,0
300301,1.32,1.35,4.50,54,0
600285,0.85,1.05,2.90,54,0
002090,1.25,1.30,4.52,54,0
000692,1.08,1.35,4.21,54,0
000536,1.47,1.29,4.80,54,0
603738,1.35,1.38,4.89,54,0
601558,0.78,1.08,2.83,54,0
600190,0.79,1.02,2.55,54,0
600741,0.87,0.86,2.46,54,0
002041,1.51,1.69,6.03,54,0
000551,1.11,1.40,4.37,54,0
600983,1.45,1.69,5.61,54,0
603696,1.56,1.88,6.39,54,0
600975,0.92,1.01,2.97,54,0
600576,2.75,2.68,10.56,27,0
603009,2.50,2.67,10.20,50,0
002175,1.47,1.56,5.55,54,0
002303,1.19,1.10,3.73,54,0
000039,1.22,1.38,4.69,54,0
600639,1.01,0.97,3.16,54,0
300341,1.47,1.65,5.88,54,0
600977,1.34,1.43,5.02,54,0
002123,1.33,1.11,4.27,46,0
603729,1.08,1.71,5.09,54,0
603988,1.95,1.78,7.13,54,0
300433,1.57,1.80,6.35,54,0
002672,0.95,1.14,3.35,54,0
600705,0.87,0.83,2.43,54,0
300122,1.65,1.66,6.00,54,0
600460,0.94,1.05,2.96,54,0
300496,2.34,2.04,8.61,38,0
600288,1.63,1.46,5.68,54,0
300124,1.06,1.27,4.01,54,0
600497,1.88,1.94,7.50,54,0
002603,1.02,1.08,3.39,54,0
000531,1.64,1.41,5.50,37,0
601018,0.65,0.77,1.82,54,0
000919,0.60,0.90,1.93,54,0
002308,1.18,1.29,4.17,54,0
600097,1.95,2.37,8.40,54,0
600354,1.38,1.71,5.68,54,0
300131,1.27,1.48,4.75,54,0
002317,0.81,0.85,2.36,54,0
603017,1.23,1.64,5.20,54,0
600111,0.84,0.87,2.38,54,0
601339,0.56,0.77,1.57,54,0
000036,0.85,0.86,2.46,54,0
300146,0.77,0.71,1.99,54,0
000589,1.30,1.25,4.42,54,0
600809,1.82,2.05,7.48,53,0
002738,1.59,1.87,6.52,53,0
002173,1.13,1.10,3.78,54,0
300517,2.22,1.56,7.21,54,0
600133,0.93,1.19,3.34,54,0
600319,1.45,2.02,6.80,37,0
600908,2.00,2.16,7.86,54,0
300464,1.44,1.28,5.00,54,0
002610,1.10,1.13,3.55,54,0
300111,0.90,1.05,2.91,54,0
002341,1.59,1.43,5.42,54,0
000428,1.40,1.45,5.18,54,0
300548,2.13,2.14,8.42,54,0
000899,0.78,0.98,2.64,54,0
600530,0.92,0.95,2.73,54,0
002616,0.94,1.41,3.95,54,0
002089,1.36,1.66,5.57,54,0
000951,1.63,1.75,6.55,54,0
000920,1.12,1.02,3.60,54,0
000683,1.36,1.42,5.08,54,0
300306,1.81,1.64,6.51,54,0
002227,1.23,1.42,4.50,54,0
000034,1.77,1.69,6.47,54,0
002506,1.17,0.85,3.28,54,0
002206,1.23,1.40,4.65,54,0
300382,2.09,1.66,7.34,54,0
300281,1.62,1.48,5.80,54,0
300407,1.40,1.57,5.41,54,0
002301,1.29,1.43,4.80,54,0
603979,0.83,1.03,2.77,54,0
600895,0.89,0.70,2.33,54,0
002756,1.17,1.45,4.80,54,0
002408,2.49,1.76,8.29,52,0
600422,0.62,0.77,1.74,54,0
300220,1.94,1.97,7.64,54,0
002340,1.64,1.50,5.70,49,0
000809,1.31,1.37,4.78,54,0
002589,1.28,1.39,4.82,54,0
603444,2.12,2.80,9.85,40,0
002546,1.22,1.17,4.03,54,0
300508,2.13,1.92,7.80,54,0
600770,1.02,1.19,3.61,54,0
002191,0.88,0.90,2.58,54,0
000799,1.32,1.45,4.97,54,0
600129,0.89,1.05,2.85,54,0
002790,1.79,1.50,6.28,54,0
603368,1.09,1.16,3.79,54,0
002048,1.31,1.23,4.49,54,0
600690,0.72,0.86,2.26,54,0
600522,0.93,0.85,2.47,54,0
002336,1.25,1.29,4.49,54,0
603069,1.47,1.51,5.48,54,0
600917,1.37,1.42,4.98,54,0
600713,0.75,0.98,2.37,54,0
002271,1.21,1.39,4.73,54,0
002197,1.14,1.15,3.79,54,0
002630,1.04,1.03,3.11,54,0
002585,1.25,1.51,4.93,54,0
600021,1.32,1.51,5.06,54,0
000909,1.53,1.57,5.69,54,0
300572,1.96,1.66,7.08,54,0
300476,1.39,1.50,5.28,54,0
300472,1.70,1.50,6.01,54,0
601163,1.21,0.96,3.48,54,0
002769,1.54,1.49,5.50,54,0
600546,1.39,1.41,5.08,54,0
600461,0.70,0.78,1.86,54,0
000587,1.09,1.16,3.78,54,0
603998,1.49,1.18,4.77,54,0
300245,1.46,1.61,5.54,54,0
002452,1.23,1.31,4.35,54,0
603118,0.90,1.05,3.04,54,0
002478,1.60,1.75,6.35,49,1
603885,1.15,1.13,3.73,54,0
002131,1.40,1.38,4.96,54,0
300403,1.32,1.33,4.49,54,0
603007,2.15,1.91,8.04,48,0
002801,2.11,1.70,7.44,54,0
002344,1.04,0.88,2.88,54,0
600275,2.66,2.64,10.46,54,0
300432,1.71,1.43,5.94,54,0
600718,1.11,1.13,3.92,54,0
600525,0.91,1.46,4.02,46,0
300067,1.18,1.32,4.36,54,0
300411,2.11,2.08,8.18,54,0
603002,0.97,1.24,3.69,54,0
601880,0.96,1.32,3.90,54,0
000970,1.13,1.23,3.99,54,0
600293,1.44,1.75,6.07,54,0
002394,0.79,0.96,2.46,54,0
002403,1.14,1.01,3.45,54,0
002324,1.03,1.03,3.30,54,0
002034,1.84,3.46,10.54,33,0
002623,1.67,1.54,6.20,54,0
300500,1.80,1.47,6.20,54,0
002665,0.90,1.05,2.81,54,0
601155,1.53,1.57,5.88,54,0
002781,1.37,1.41,4.97,54,0
603033,2.10,2.01,8.08,54,0
300114,1.31,1.79,5.76,54,0
300537,2.52,2.43,9.83,33,0
002150,1.51,1.41,5.37,54,0
002481,1.89,1.82,7.17,54,0
600794,1.39,1.19,4.54,54,0
002306,1.85,1.62,6.57,54,0
600072,2.31,2.47,9.56,54,0
600721,1.04,1.11,3.44,54,0
300461,2.61,2.62,10.45,54,0
000411,1.80,1.79,6.90,44,0
002326,1.25,1.21,4.10,54,0
002088,1.40,1.68,5.91,54,0
300002,1.23,1.02,3.74,54,0
002462,1.32,1.68,5.63,34,0
000488,1.53,1.63,5.99,54,0
000088,1.14,1.12,3.62,54,0
300240,1.49,1.56,5.58,54,0
002751,1.91,1.60,6.67,54,0
002649,1.19,1.24,4.14,54,0
300388,1.61,1.23,5.17,54,0
600730,0.97,1.04,3.05,54,0
600259,1.73,1.79,6.75,54,0
002239,2.00,1.73,7.08,21,0
300288,1.57,1.36,5.19,54,0
002687,1.33,1.47,5.08,54,0
600708,0.99,1.02,3.07,54,0
002337,0.97,1.13,3.28,54,0
000709,1.46,1.62,5.73,54,0
000028,1.00,1.05,3.16,54,0
300234,2.33,1.82,8.13,54,0
300350,1.73,1.33,5.49,54,0
002822,2.31,1.96,8.35,54,0
300615,0.60,2.16,5.51,15,0
002476,1.39,1.36,5.14,54,0
002241,0.90,1.14,3.28,54,0
600100,0.66,0.68,1.55,54,0
002686,1.14,1.43,4.35,54,0
000691,1.29,1.39,4.78,54,0
603663,2.21,2.28,8.69,54,0
600278,1.43,1.35,5.00,54,0
000768,1.31,1.39,4.81,54,0
300485,0.98,0.94,2.78,54,0
600382,1.10,1.23,3.93,54,0
002318,1.05,1.01,3.30,45,0
002104,0.97,1.04,2.97,54,0
002232,1.30,1.45,5.04,54,0
002467,1.13,1.17,3.79,54,0
600199,1.10,1.30,4.17,54,0
603001,1.07,1.27,3.83,54,0
300561,3.72,3.18,13.78,54,0
300287,1.36,1.26,4.74,54,0
601127,1.28,0.97,3.77,39,0
601218,0.76,1.03,2.60,54,0
000753,1.13,1.23,3.93,54,0
002793,1.94,1.68,6.89,54,0
002183,1.12,0.99,3.35,54,0
600865,2.14,2.02,8.16,54,0
600429,0.82,1.12,2.82,54,0
300005,0.78,0.94,2.52,22,0
300137,1.25,1.34,4.54,54,0
600861,1.02,1.10,3.38,54,0
603828,1.20,1.33,4.45,54,0
600701,1.78,1.66,6.71,53,0
603806,0.87,1.06,2.93,54,0
002628,1.60,1.62,6.00,49,0
600105,1.14,1.26,3.98,54,0
600180,1.09,1.33,4.15,54,0
002251,1.92,1.84,7.26,54,0
000923,3.09,2.93,12.03,54,0
300103,2.72,2.25,9.94,54,0
300239,0.92,1.13,3.01,54,0
601021,0.88,0.95,2.65,54,0
000718,1.51,1.19,4.70,49,0
600033,0.65,0.92,2.12,54,0
603909,1.82,2.07,7.33,54,0
600202,2.16,2.34,8.84,43,0
603030,1.45,1.25,4.86,54,0
300115,1.47,1.62,5.87,44,0
300055,0.82,1.02,2.73,54,0
002705,1.24,1.36,4.59,54,0
000100,1.24,1.00,3.74,51,0
600756,1.54,1.13,4.58,54,0
000070,1.35,1.21,4.41,54,0
600420,0.88,1.17,3.40,54,0
002038,1.03,1.05,3.17,54,0
002457,1.06,1.32,4.05,54,0
300339,1.09,1.35,4.17,54,0
603189,1.98,1.70,7.12,54,0
600662,1.23,1.23,4.22,54,0
600059,1.04,1.11,3.44,54,0
300495,1.48,1.30,4.98,54,0
000009,1.20,0.95,3.53,54,0
000790,1.23,1.02,3.68,54,0
000565,1.59,1.53,5.82,54,0
002570,1.25,1.52,5.16,54,0
600668,1.48,1.41,5.40,54,0
002657,1.38,1.15,4.23,54,0
603022,2.00,2.53,8.91,54,0
002580,1.15,1.29,4.15,54,0
000423,0.89,0.83,2.41,54,0
002504,1.19,1.23,4.12,54,0
002817,2.03,2.77,9.41,54,0
300018,1.24,1.27,4.28,54,0
000977,1.16,1.04,3.57,54,0
601208,0.96,1.15,3.34,54,0
600980,1.60,1.61,6.14,54,0
600463,1.42,1.48,5.43,54,0
600439,0.91,1.63,4.40,54,0
002112,1.40,1.30,4.88,54,0
600894,0.75,0.81,2.07,54,0
000550,1.37,1.35,4.95,54,0
000987,1.82,1.46,6.01,37,0
601968,1.35,1.47,4.98,54,0
600758,1.83,2.10,7.53,54,0
603318,1.16,1.41,4.62,54,0
300253,1.11,0.97,3.26,54,0
000721,1.60,1.54,5.69,54,0
002698,1.17,1.34,4.26,54,0
300204,0.85,0.93,2.57,54,0
000833,1.06,1.10,3.62,54,0
600805,0.80,0.96,2.44,54,0
000628,1.40,1.40,4.97,54,0
002366,1.17,1.09,3.71,54,0
600131,1.52,1.27,4.99,54,0
002632,1.42,1.70,5.86,54,0
600993,0.82,0.98,2.64,54,0
000761,1.50,1.48,5.50,54,0
000882,1.48,1.79,6.05,54,0
300551,1.93,1.65,6.85,54,0
600273,0.83,1.00,2.57,54,0
600884,1.29,1.00,3.78,54,0
601898,0.91,1.09,3.22,54,0
603737,1.76,1.68,6.38,54,0
600550,1.26,1.60,5.12,54,0
002238,0.99,1.17,3.42,54,0
300194,1.70,1.67,6.24,54,0
000627,0.91,0.89,2.43,54,0
600778,1.31,1.55,5.31,54,0
300516,1.77,1.56,6.23,54,0
300029,1.45,1.32,5.03,54,0
000921,1.51,1.86,6.34,54,0
603708,2.21,1.72,7.76,54,0
000030,1.00,1.06,3.34,54,0
000571,1.14,1.28,4.17,54,0
600096,1.32,1.67,5.54,54,0
603223,1.05,1.37,4.19,44,0
603515,1.27,1.27,4.37,54,0
002402,1.23,1.15,4.02,54,0
000798,1.81,2.15,7.78,54,0
002186,0.99,1.28,3.79,54,0
300491,2.69,2.00,9.28,54,0
002295,1.63,1.62,6.14,54,0
002245,1.56,1.55,5.78,54,0
600623,1.22,1.41,4.58,54,0
600667,1.10,1.17,3.61,54,0
600531,1.15,1.15,3.99,54,0
300100,1.59,1.24,4.74,25,0
002741,1.46,1.24,4.70,54,0
002006,1.21,1.21,4.14,54,0
002330,1.67,1.90,6.81,54,0
601633,1.13,1.39,4.45,54,0
002618,1.42,1.56,5.44,54,0
603027,1.96,2.05,7.64,54,0
600789,1.36,1.59,5.25,54,0
600345,1.07,1.31,4.04,54,0
002508,1.04,1.12,3.47,54,0
300352,1.61,1.44,5.59,54,0
600186,0.81,0.92,2.49,54,0
000898,1.82,1.84,7.01,54,0
300049,1.14,1.22,3.94,54,0
600565,1.38,1.60,5.49,54,0
600373,0.92,1.07,3.11,54,0
600081,1.28,1.53,5.19,54,0
600575,1.58,1.41,5.47,54,0
300587,2.20,2.83,10.07,39,0
002328,1.13,1.20,3.79,54,0
600120,1.37,1.52,5.37,49,0
002126,1.07,1.33,4.13,54,0
002382,1.33,1.43,4.99,54,0
002434,1.32,1.67,5.58,54,0
002283,1.92,1.54,6.43,54,0
002763,0.95,1.01,3.08,54,0
600235,1.35,1.52,5.19,54,0
002158,1.02,1.10,3.32,54,0
002195,1.48,1.36,5.01,54,0
002189,1.58,1.55,5.75,54,0
300553,1.92,1.89,7.33,54,0
300410,2.09,1.83,7.64,49,0
600678,2.44,2.37,9.47,33,0
002643,1.32,1.41,4.92,54,0
002680,1.41,1.17,4.35,54,0
600537,1.22,1.23,4.00,42,0
000955,1.18,1.19,3.95,54,0
000420,0.78,1.16,3.04,54,0
300385,1.30,1.29,4.77,54,0
000785,1.19,1.36,4.46,54,0
000541,0.94,0.99,3.04,54,0
600107,0.98,0.97,2.99,54,0
000524,1.73,1.48,5.88,49,0
600123,1.01,1.28,3.95,54,0
002077,1.56,1.20,4.78,54,0
000960,1.31,1.49,4.99,54,0
000733,1.04,1.13,3.53,54,0
002369,1.27,1.14,4.16,54,0
300305,1.18,1.27,4.13,54,0
000902,1.27,1.17,4.19,54,0
002058,1.84,1.54,6.31,54,0
000831,1.10,1.03,3.39,54,0
603168,0.73,0.82,2.07,54,0
300093,2.01,1.68,7.01,43,0
000880,1.04,1.64,4.73,54,0
601608,1.37,1.63,5.64,54,0
603266,1.90,2.25,8.29,36,0
000863,1.11,1.26,3.96,54,0
601699,1.69,1.88,7.03,54,0
000739,1.10,1.32,4.09,54,0
600267,0.89,0.98,2.74,54,0
600006,1.16,1.15,3.82,54,0
603188,0.90,0.96,2.80,54,0
002285,1.04,1.17,3.70,54,0
002367,0.82,0.95,2.49,54,0
300022,1.83,2.12,7.65,54,0
002371,1.40,1.79,6.00,54,0
002171,1.14,1.31,4.16,54,0
603858,1.45,1.03,4.23,54,0
300413,1.45,1.42,5.10,54,0
002636,1.68,1.82,6.71,54,0
600210,0.62,0.89,1.99,54,0
603819,2.53,2.54,10.10,54,0
603567,1.17,1.27,4.11,54,0
300394,1.22,1.35,4.63,47,0
002531,0.81,1.13,2.90,54,0
000752,1.46,1.47,5.19,54,0
300178,1.12,1.18,3.75,54,0
002010,0.56,1.31,2.88,54,0
600742,1.12,1.51,4.69,54,0
002530,1.67,1.65,6.15,54,0
002479,1.71,1.53,6.08,54,0
002027,1.33,1.67,5.51,54,0
300405,1.44,1.41,5.27,54,0
000425,1.25,1.38,4.75,54,0
603989,1.22,1.40,4.54,54,0
300451,1.82,1.45,6.16,54,0
300071,1.27,1.23,4.36,54,0
300311,2.40,2.71,10.19,46,0
002106,1.36,1.38,4.87,54,0
300179,1.25,1.52,5.19,21,0
600680,2.05,2.58,8.97,54,0
600822,2.31,2.59,9.62,54,0
601689,1.15,1.53,4.91,54,0
601900,1.30,1.31,4.71,54,0
600763,1.19,1.26,4.12,44,0
600237,1.19,1.50,4.83,54,0
601678,1.64,1.64,6.16,54,0
603398,1.50,1.68,6.05,54,0
000858,1.10,1.12,3.81,54,0
300112,1.32,1.42,4.95,54,0
600333,1.38,1.57,5.36,54,0
600552,1.24,0.91,3.60,17,0
300052,2.26,2.29,9.03,54,0
600401,0.52,0.90,1.86,54,0
300541,2.03,1.85,7.64,54,0
300439,1.24,1.26,4.30,54,0
002172,1.40,1.52,5.39,54,0
002637,1.38,1.54,5.34,54,0
002263,1.69,1.57,6.22,54,0
603015,1.17,1.04,3.70,54,0
002818,2.07,1.79,7.61,54,0
600507,1.96,2.35,8.46,54,0
001696,0.97,0.98,2.99,54,0
300154,1.24,1.24,4.21,54,0
600336,1.28,1.44,4.88,54,0
002228,0.95,1.11,3.18,54,0
002430,1.40,2.13,6.78,54,0
600478,1.18,1.31,4.34,54,0
002833,2.09,3.15,10.49,44,0
300555,1.84,1.68,6.69,54,0
601789,1.42,1.65,5.75,54,0
600595,1.28,1.43,4.75,54,0
300608,0.53,1.52,4.11,17,0
600814,2.49,2.83,10.54,45,0
000905,1.28,1.47,4.75,54,0
300246,1.34,1.38,4.84,54,0
002721,2.05,1.52,6.77,50,0
300056,1.27,1.78,5.84,54,0
002459,1.26,1.58,5.30,54,0
002838,2.30,3.13,10.85,38,0
300406,1.09,1.45,4.58,54,0
300058,1.09,1.16,3.72,54,0
600985,1.45,1.54,5.70,54,0
300333,1.70,1.60,6.29,54,0
000505,1.33,1.28,4.64,54,0
002039,0.95,0.95,2.99,54,0
600587,0.82,1.00,2.69,54,0
600243,1.65,1.84,6.72,54,0
300387,1.46,1.33,5.04,54,0
601216,1.06,1.38,4.02,54,0
002474,1.36,1.35,4.82,54,0
300120,1.79,1.61,6.53,50,0
600582,1.30,1.25,4.64,54,0
000410,1.36,1.18,4.34,54,0
300418,1.50,1.45,5.42,49,0
300449,1.43,1.00,4.07,8,0
600560,1.29,1.41,4.67,54,0
300073,2.01,2.27,8.46,47,0
300314,1.59,1.22,5.07,54,0
601011,1.60,1.45,5.60,54,0
002516,1.00,0.95,2.99,54,0
000501,1.73,1.63,6.34,54,0
002622,1.94,2.11,7.91,45,0
000908,1.04,1.00,3.12,54,0
300589,1.21,1.73,5.87,33,0
300373,1.76,1.46,6.21,54,0
300009,1.41,1.25,4.82,54,0
000055,1.27,1.45,4.90,54,0
300227,1.05,1.33,4.16,54,0
600272,1.36,1.49,5.10,54,0
300438,1.56,1.56,5.89,51,0
300141,1.53,1.88,6.37,54,0
002645,1.80,1.69,6.59,54,0
300008,2.00,1.94,7.69,54,0
600619,2.07,1.79,7.36,54,0
300247,1.37,1.33,4.59,54,0
603968,1.05,1.20,3.61,54,0
002261,1.00,1.00,3.07,54,0
600063,1.13,1.31,4.02,54,0
002433,0.73,0.96,2.47,54,0
600317,0.71,1.01,2.41,54,0
603123,1.08,1.29,4.02,54,0
002448,1.15,1.00,3.32,54,0
002655,1.64,1.83,6.64,54,0
002802,2.14,1.69,7.40,54,0
002380,1.39,1.19,4.36,54,0
002030,1.33,1.01,3.83,54,0
000521,0.93,1.22,3.46,54,0
000507,1.29,1.44,4.61,54,0
300607,0.74,2.00,5.48,19,0
000581,1.08,1.20,3.89,54,0
002298,1.00,1.08,3.26,54,0
600571,1.37,1.40,4.84,54,0
601369,0.92,1.05,3.01,54,0
000058,1.20,1.15,4.04,54,0
000555,1.48,1.46,5.27,54,0
600598,1.26,1.34,4.61,54,0
002671,1.27,1.28,4.49,54,0
002003,0.71,0.96,2.25,54,0
600650,1.50,1.47,5.34,54,0
002229,1.56,1.51,5.88,54,0
603131,1.62,1.44,5.55,54,0
601012,0.87,0.95,2.62,54,0
600188,1.21,1.12,3.95,54,0
300283,1.33,1.68,5.63,54,0
300233,1.29,1.24,4.50,54,0
600857,1.75,1.77,6.82,54,0
300098,1.02,1.14,3.63,27,0
600114,1.23,1.51,4.91,50,0
300023,1.81,1.67,6.62,54,0
300166,1.37,1.67,5.65,54,0
600279,1.05,1.49,4.50,54,0
600838,1.87,2.03,7.47,54,0
000703,1.61,1.67,6.27,54,0
300528,1.98,1.74,6.94,54,0
300063,2.03,1.56,6.90,54,0
000728,1.58,1.30,5.19,54,0
300026,0.72,0.88,2.17,54,0
002619,1.82,1.41,6.08,51,0
600392,1.93,1.92,7.45,53,0
600261,0.63,0.91,1.91,54,0
300313,2.18,2.19,8.64,54,0
000582,1.35,1.35,4.82,54,0
600121,1.00,1.37,4.11,54,0
600201,1.03,1.05,3.35,54,0
002101,1.20,1.41,4.60,49,0
600060,0.87,1.03,2.83,54,0
002797,1.76,1.49,5.76,54,0
000969,1.16,1.32,4.37,54,0
600291,1.13,1.09,3.61,54,0
300188,1.55,1.26,5.10,54,0
002743,1.41,1.44,5.16,54,0
000510,2.04,2.10,8.12,54,0
002785,2.60,2.32,9.71,54,0
601003,2.55,2.35,9.65,54,0
600386,1.35,1.30,4.77,54,0
300004,1.20,1.36,4.51,54,0
002493,1.44,1.49,5.50,54,0
603777,2.57,2.08,9.21,54,0
002156,1.16,0.99,3.42,49,0
601933,1.28,1.36,4.62,54,0
600356,1.13,1.34,4.37,54,0
002182,1.64,1.63,6.23,54,0
600141,1.42,1.46,5.23,54,0
603085,1.32,1.60,5.30,54,0
600848,1.67,1.83,6.57,54,0
603718,1.30,1.22,4.51,54,0
600569,1.71,1.75,6.45,54,0
002648,1.92,1.94,7.50,54,0
002274,1.00,1.10,3.19,54,0
002677,1.65,1.64,6.06,54,0
300583,2.35,2.10,8.80,38,0
300059,1.42,1.09,4.21,54,0
600803,1.98,2.34,8.51,54,0
300277,1.95,1.57,6.71,54,0
300368,1.92,1.46,6.58,54,0
000585,2.52,2.72,10.37,42,0
002252,0.92,0.76,2.27,54,0
300248,1.71,1.74,6.59,54,0
600122,1.36,1.61,5.59,54,0
000911,1.40,1.25,4.70,54,0
300369,1.47,1.69,5.85,54,0
002368,1.31,1.34,4.51,41,0
002124,1.18,1.09,3.72,54,0
002706,1.23,1.31,4.26,54,0
000988,0.98,0.89,2.92,54,0
000973,0.97,1.29,3.61,54,0
002646,0.88,1.10,2.89,54,0
300260,1.40,1.99,6.44,54,0
300020,1.33,1.29,4.70,54,0
002042,0.94,1.21,3.44,54,0
002390,1.01,1.15,3.60,54,0
300380,1.79,1.48,6.17,54,0
600766,1.56,1.78,6.38,54,0
002362,1.44,1.29,4.93,54,0
603258,1.97,1.88,7.51,54,0
002780,1.84,1.79,7.06,54,0
002453,1.52,1.61,5.79,54,0
002482,1.46,1.54,5.38,52,0
000788,1.08,1.03,3.29,54,0
603339,1.68,1.47,5.88,53,0
300213,1.60,1.48,5.41,13,0
600330,1.34,1.32,4.63,54,0
002211,2.00,2.19,8.15,37,0
600446,1.29,1.11,3.99,54,0
002264,2.05,2.04,7.97,54,0
300075,1.12,1.16,3.74,54,0
300325,1.32,1.24,4.28,54,0
300187,1.42,1.39,5.04,54,0
300522,2.29,1.62,7.65,54,0
000890,1.18,1.29,4.20,54,0
300302,1.85,1.56,6.53,54,0
300329,1.47,1.28,4.92,54,0
002343,1.54,1.38,5.34,54,0
600466,1.76,1.47,5.99,52,0
600540,1.63,1.83,6.64,54,0
300162,1.53,1.35,5.18,54,0
300358,1.30,1.35,4.75,54,0
000629,0.92,1.17,3.44,54,0
000722,1.53,1.83,6.22,54,0
603686,1.16,1.10,3.58,54,0
603716,1.80,1.85,7.02,45,0
300310,1.80,1.73,6.77,49,0
600860,1.74,2.00,6.97,54,0
300570,2.35,2.03,8.74,54,0
603066,1.50,1.54,5.59,54,0
002624,1.90,1.81,6.89,54,0
600462,1.60,1.90,6.60,48,0
603861,1.74,1.65,6.38,54,0
002518,1.23,1.16,4.05,54,0
002234,1.43,1.86,6.21,54,0
600984,1.69,1.84,6.53,54,0
300390,1.49,1.60,5.70,54,0
000972,1.60,1.90,6.60,54,0
300241,1.58,1.67,6.09,54,0
300378,1.47,1.40,5.15,54,0
000936,1.03,1.13,3.52,54,0
002249,1.07,1.00,3.26,54,0
000811,0.94,1.36,3.89,54,0
002703,2.45,2.25,9.27,54,0
002791,1.61,1.55,5.88,54,0
002071,1.45,1.45,5.25,41,0
601811,1.27,1.47,4.85,54,0
002788,1.67,1.46,5.76,54,0
600282,1.67,2.28,7.84,50,0
600452,1.30,1.65,5.50,54,0
000045,2.67,2.41,9.98,51,0
600909,2.33,2.05,8.50,54,0
300530,1.84,1.66,6.68,54,0
603098,2.04,1.99,8.04,52,1
600073,1.15,1.12,3.77,54,0
603969,1.15,1.29,4.26,54,0
002224,1.57,1.38,5.45,54,0
600729,1.10,1.26,3.95,54,0
002562,1.87,2.03,7.58,46,0
002094,1.79,1.62,6.34,54,0
000655,1.81,2.07,7.65,54,0
603019,1.28,1.18,4.20,54,0
002714,0.99,0.95,3.02,54,0
002695,2.37,2.03,8.54,54,0
002136,2.13,2.36,8.89,54,0
601881,2.39,3.20,11.18,27,0
002599,1.80,1.99,7.31,54,0
002444,1.22,0.97,3.69,54,0
300047,2.39,1.48,7.54,38,0
603626,1.69,3.29,9.95,19,0
300334,1.35,1.27,4.58,54,0
600847,1.49,1.78,6.12,51,0
603218,2.43,2.51,9.74,44,0
300244,1.09,1.12,3.55,54,0
300013,1.43,1.61,5.52,54,0
300408,1.05,1.28,3.86,44,0
002319,1.12,1.21,3.81,54,0
600858,1.87,2.29,8.17,54,0
600570,1.34,1.18,4.28,52,0
000670,1.23,1.35,4.68,20,0
300027,1.09,1.01,3.40,54,0
603901,1.16,1.21,3.88,54,0
600661,1.10,1.10,3.45,54,0
600348,1.05,1.17,3.70,54,0
601777,1.31,1.45,4.80,54,0
600586,1.09,1.32,4.21,54,0
300270,1.46,1.32,5.01,54,0
300259,1.11,1.15,3.83,54,0
000048,0.00,0.00,0.0,5,0
600626,1.87,1.47,6.20,35,0
002063,0.94,1.01,2.83,54,0
002491,1.82,1.44,6.20,47,0
300370,1.55,1.50,5.60,54,0
601158,0.69,1.11,2.68,54,0
600601,0.97,1.10,3.09,54,0
300523,1.74,1.59,6.18,54,0
002291,1.10,2.10,5.96,54,0
300030,1.31,1.21,4.45,44,0
603959,1.59,1.48,5.59,54,0
002196,1.16,1.30,3.99,54,0
600973,2.00,1.34,6.15,10,0
300558,1.78,1.54,6.37,54,0
600819,1.78,2.14,7.52,54,0
300356,1.81,1.67,6.63,54,0
002614,1.39,1.54,5.49,54,0
300151,1.40,1.37,4.83,54,0
600295,1.35,1.66,5.49,54,0
603658,1.43,1.58,5.54,54,0
300089,1.88,1.48,6.48,54,0
300515,2.01,1.76,7.29,54,0
601107,0.96,1.21,3.50,43,0
300042,1.58,1.93,6.70,54,0
000780,1.77,1.79,6.78,54,0
600367,1.34,1.51,5.23,54,0
300168,1.35,1.13,4.23,49,0
300031,1.39,1.61,5.66,54,0
300175,2.20,2.69,9.70,54,0
002138,0.99,1.25,3.58,54,0
300400,1.83,1.22,5.62,54,0
002032,1.07,1.44,4.30,54,0
002062,1.25,1.32,4.41,54,0
002779,1.98,1.95,7.55,54,0
603369,1.22,1.38,4.64,54,0
300019,1.63,1.65,6.18,54,0
002567,1.46,1.29,4.98,47,0
002323,1.74,2.98,9.14,54,0
603005,0.97,1.08,3.29,51,0
002143,2.02,2.56,9.00,54,0
600251,1.28,1.51,4.98,54,0
300456,2.22,2.04,8.30,54,0
300502,2.23,1.72,7.60,54,0
300532,2.01,1.89,7.68,54,0
002602,3.15,1.94,10.13,38,0
002832,2.17,2.46,9.23,47,0
600066,0.70,0.77,1.99,54,0
002119,1.33,1.48,5.10,54,0
002078,1.49,1.45,5.53,54,0
300547,1.88,1.83,7.37,54,0
002242,0.80,0.79,2.10,54,0
600987,0.82,0.95,2.57,54,0
002401,1.43,1.52,5.48,54,0
002772,1.10,1.10,3.52,54,0
002583,1.48,1.55,5.71,54,0
300480,2.97,3.16,12.26,39,0
600532,1.17,1.30,4.28,51,0
300600,1.85,2.30,8.30,25,0
000523,1.17,1.42,4.51,54,0
300550,1.89,1.55,6.68,54,0
603508,1.25,1.10,3.77,54,0
002719,1.74,1.51,6.02,54,0
300036,1.42,1.37,5.20,54,0
300545,2.78,2.30,10.12,54,0
300250,2.05,1.74,7.46,54,0
002199,1.58,1.58,6.00,54,0
600241,1.27,1.80,5.83,54,0
002792,2.03,1.73,7.07,54,0
300138,1.02,1.37,4.13,54,0
603823,2.42,3.25,11.30,50,0
002436,1.46,1.49,5.33,54,0
002421,1.16,1.28,4.16,54,0
300034,1.55,1.61,5.96,54,0
002209,1.59,1.69,6.16,54,0
002809,1.60,1.71,6.13,21,0
300106,1.48,1.52,5.72,54,0
002405,1.52,1.31,5.01,54,0
300546,2.24,1.97,8.28,54,0
000962,1.24,1.52,4.98,54,0
600506,2.32,2.03,8.35,44,0
300130,1.64,1.58,6.09,54,0
002683,1.53,1.82,6.40,54,0
002697,2.26,2.43,9.03,54,0
002036,1.76,1.63,6.48,45,0
002365,1.38,1.16,4.38,54,0
000158,1.23,1.19,4.20,54,0
600300,1.37,1.41,4.95,54,0
002194,1.35,1.51,5.14,54,0
300191,1.85,1.56,6.33,54,0
300396,1.36,1.30,4.75,54,0
603012,0.88,1.14,3.06,54,0
603779,2.13,3.10,10.37,54,0
300427,3.39,3.62,14.04,48,0
300113,1.59,1.84,6.51,54,0
600797,2.08,1.70,7.34,38,0
000638,1.94,1.54,6.57,52,0
000983,1.46,1.70,5.99,54,0
600084,2.50,2.32,9.55,54,0
300362,1.48,1.53,5.61,54,0
603028,2.10,1.79,7.58,54,0
600297,1.08,1.16,3.62,54,0
300226,1.84,1.45,6.23,54,0
000698,1.54,1.68,6.14,54,0
600232,1.53,1.61,5.91,54,0
002831,2.05,1.97,7.96,52,0
603869,1.44,1.47,5.27,54,0
600418,0.90,0.96,2.77,54,0
002472,1.40,1.36,4.96,54,0
300426,1.92,1.56,6.67,52,0
300597,1.43,2.40,7.66,27,0
300324,1.60,1.55,6.07,54,0
000715,1.62,1.65,6.26,54,0
300425,1.55,1.24,5.10,49,0
300216,1.81,1.45,6.05,49,0
002617,1.58,1.39,5.52,34,0
300085,1.76,1.45,6.00,54,0
300497,1.60,1.81,6.71,54,0
300066,1.23,1.31,4.44,54,0
002732,2.13,1.82,7.68,54,0
002353,1.75,1.84,7.03,54,0
002759,1.96,1.82,7.18,54,0
600197,1.22,1.66,5.25,54,0
002423,1.62,1.79,6.54,54,0
600854,1.23,1.55,4.80,54,0
300458,1.84,1.60,6.53,54,0
002230,1.23,1.25,4.22,54,0
300003,1.03,0.76,2.51,47,0
002631,1.40,1.41,5.12,54,0
300230,1.36,1.74,5.76,54,0
300421,1.51,1.50,5.60,54,0
603025,1.80,1.46,6.06,54,0
300416,1.35,1.73,5.75,54,0
300556,3.22,2.74,11.91,54,0
002465,1.08,1.18,3.59,48,0
600303,1.87,1.44,6.24,32,0
300345,1.88,1.88,7.25,54,0
600227,1.49,1.63,5.61,54,0
002031,0.82,0.99,2.63,54,0
300447,2.24,2.12,8.54,54,0
603416,2.17,2.43,9.20,49,0
600416,2.13,2.10,8.29,54,0
002737,0.81,0.95,2.68,54,0
300459,2.47,2.57,10.01,25,0
600800,2.14,2.60,9.43,54,0
300509,2.02,1.56,6.90,54,0
002653,1.19,0.87,3.18,54,0
600213,1.53,1.66,6.10,54,0
600116,1.10,1.11,3.69,54,0
000532,1.67,1.53,5.92,54,0
002212,1.47,1.57,5.44,54,0
600019,1.66,1.36,5.72,35,0
300236,1.75,1.60,6.38,54,0
600594,0.89,1.57,4.24,54,0
002723,1.94,2.26,8.29,54,0
002777,1.57,1.55,5.77,54,0
300386,1.94,1.62,6.92,54,0
000818,1.95,2.24,8.19,53,0
002527,0.80,1.03,2.73,54,0
600258,1.35,1.58,5.22,54,0
002407,1.65,1.55,5.84,53,0
601038,1.66,2.29,7.73,54,0
603611,1.50,1.66,5.90,54,0
002259,2.28,1.82,7.92,43,0
600223,1.01,1.31,3.90,54,0
000017,2.86,2.52,10.57,46,0
300232,1.53,1.81,6.41,54,0
002752,2.00,2.29,8.33,54,0
000652,1.36,1.24,4.61,54,0
300224,1.56,1.48,5.66,54,0
000564,1.55,1.27,5.00,54,0
000528,1.44,1.66,5.72,54,0
002582,1.85,1.61,6.54,54,0
300389,1.34,1.34,4.68,54,0
000553,1.98,1.92,7.61,54,0
300478,1.66,1.48,5.79,54,0
300578,0.88,2.07,5.89,25,0
300573,1.64,1.58,6.32,54,0
002140,1.65,1.50,5.82,54,0
002674,1.14,1.25,4.13,54,0
000504,1.25,1.53,5.03,54,0
002449,0.99,1.34,3.94,54,0
300094,1.95,2.01,7.90,54,0
300127,1.68,1.62,6.13,54,0
600101,1.05,1.16,3.61,54,0
002226,0.00,0.00,0.0,5,0
000572,1.19,1.60,4.95,54,0
300566,2.35,2.23,9.12,54,0
002642,1.75,1.48,6.10,54,0
600069,3.06,2.73,11.55,52,0
002469,1.26,1.58,5.12,54,0
300466,3.36,3.43,13.56,45,0
300231,1.25,1.34,4.44,54,0
002425,1.59,1.45,5.59,54,0
600885,1.04,1.36,4.15,54,0
600119,1.82,1.86,6.97,54,0
603599,0.80,1.07,2.72,54,0
000881,1.71,2.26,7.69,54,0
300235,1.67,1.63,6.34,50,0
002021,1.32,1.61,5.37,54,0
600783,1.14,1.36,4.42,54,0
300061,2.13,2.02,8.10,54,0
002515,1.67,1.77,6.59,54,0
600208,0.79,0.81,2.21,54,0
600829,1.01,1.48,4.36,54,0
002555,1.32,1.55,5.18,48,0
000633,1.38,1.42,5.19,54,0
300153,2.11,1.54,6.92,54,0
002458,1.63,1.70,6.22,54,0
000678,2.32,2.44,9.37,54,0
600679,3.02,3.28,12.53,53,0
300017,1.28,1.25,4.47,38,0
600247,1.52,1.14,4.85,54,0
002139,1.16,1.20,3.99,54,0
300199,1.19,1.09,3.96,54,0
600722,3.00,3.18,12.27,52,0
002208,1.41,1.43,4.90,54,0
300219,2.23,1.90,8.12,51,0
002553,1.67,2.09,7.06,54,0
600071,2.19,1.88,7.93,46,0
601007,1.16,1.60,5.01,54,0
000917,1.14,0.90,3.18,54,0
603568,1.43,1.53,5.25,54,0
300001,1.13,1.11,3.65,54,0
300062,2.37,2.03,8.59,54,0
002348,1.34,1.19,4.36,54,0
600675,1.68,1.36,5.72,53,0
300505,2.56,1.95,8.96,54,0
000760,1.58,1.51,5.83,54,0
601801,1.44,2.21,6.99,54,0
601595,1.87,1.88,7.32,54,0
600806,1.28,1.44,4.87,54,0
300084,1.26,1.83,5.79,54,0
300494,1.74,1.61,6.41,54,0
300161,1.64,1.30,5.34,51,0
000677,1.70,1.14,5.03,54,0
600629,1.71,1.85,6.83,54,0
603160,1.87,1.69,6.83,54,0
002240,1.66,1.88,6.82,54,0
600621,1.44,1.44,5.34,48,0
002826,1.97,2.21,8.27,54,0
600808,1.27,1.34,4.69,54,0
300172,1.61,1.78,6.41,54,0
002373,1.32,1.46,4.81,54,0
600592,1.98,2.12,8.10,54,0
002689,1.16,1.24,3.91,54,0
000622,1.20,1.35,4.57,54,0
600361,1.47,1.70,6.02,54,0
002160,1.48,1.70,5.86,54,0
002297,2.66,2.50,10.28,40,0
000611,1.35,1.28,4.85,40,0
300256,1.73,1.80,6.73,54,0
600866,0.94,1.10,3.40,54,0
002654,1.62,1.54,5.82,54,0
300581,1.83,2.61,8.83,50,0
000546,1.89,1.91,7.36,54,0
600308,1.27,1.49,4.85,54,0
000573,1.91,1.95,7.45,54,0
002579,0.00,0.00,0.0,5,0
300173,1.62,1.51,5.86,54,0
002662,1.17,1.52,4.73,54,0
300109,1.81,1.51,6.18,54,0
300024,1.04,0.96,3.00,54,0
000022,1.57,1.59,5.87,54,1
300457,1.00,1.32,3.97,50,0
600306,1.28,1.28,4.40,54,0
300215,2.10,2.08,8.25,54,0
600827,1.70,1.62,6.39,54,0
300307,0.98,1.10,3.40,54,0
002396,1.71,2.10,7.63,11,0
300144,1.10,1.05,3.44,54,0
300383,1.67,1.88,6.84,54,0
601233,1.79,1.99,7.37,54,0
300096,1.64,1.61,6.14,54,0
600301,1.42,1.24,4.81,49,0
000957,1.25,1.15,4.09,54,0
300312,1.59,1.72,6.37,54,0
000567,1.92,1.64,6.84,54,0
600724,1.20,1.44,4.57,54,0
000038,1.81,1.47,6.11,54,0
300348,1.89,1.71,6.97,51,0
002668,1.95,2.04,7.79,54,0
002235,1.75,1.56,6.19,54,0
603360,1.62,3.16,9.56,22,0
300481,2.41,1.66,7.94,54,0
603637,1.53,2.16,7.38,20,0
000950,1.11,1.11,3.81,54,0
300228,1.68,1.67,6.50,54,0
002097,1.27,1.32,4.41,54,0
603936,1.43,1.36,4.97,54,0
002200,1.51,1.66,6.04,54,0
300503,2.33,1.88,8.14,54,0
000004,1.49,1.61,5.85,54,0
600217,1.42,1.43,5.15,54,0
002167,1.81,1.94,7.35,53,0
002279,1.31,1.49,4.97,54,0
300016,1.40,1.20,4.54,54,0
002480,1.25,1.32,4.41,54,0
300429,1.99,1.98,7.77,54,0
300176,2.13,2.52,9.18,54,0
603888,1.60,1.49,5.67,54,0
000636,1.71,1.80,6.86,54,0
300242,1.95,1.71,7.16,54,0
600423,1.77,2.04,7.40,54,0
000931,1.11,1.67,4.95,54,0
600889,1.63,2.05,7.20,46,0
300196,0.90,1.04,3.02,54,0
000860,1.01,1.14,3.43,54,0
600520,1.48,1.54,5.62,54,0
600746,1.54,1.90,6.60,54,0
300293,1.65,1.62,6.11,54,0
000731,1.76,1.96,7.13,54,1
601918,1.08,1.21,3.91,54,0
300506,2.63,2.11,9.39,54,0
300133,1.22,1.21,4.07,54,0
300468,1.79,1.75,6.76,53,0
300303,1.38,1.35,4.82,54,0
600228,2.55,2.81,10.70,54,0
001896,1.56,1.92,6.71,54,0
600381,2.61,2.72,10.62,54,0
300258,1.09,1.60,4.80,54,0
002564,2.18,2.25,8.79,54,0
000980,2.88,2.20,10.15,49,0
000933,1.35,1.66,5.66,54,0
000839,1.83,1.68,6.71,54,0
300193,1.22,1.45,4.71,54,0
002522,1.79,1.49,6.12,54,0
300441,2.08,1.73,7.43,54,0
600843,1.79,2.06,7.28,54,0
002225,1.29,1.31,4.54,54,0
300465,2.02,1.69,7.18,54,0
300393,1.38,2.12,6.67,54,0
600682,1.33,1.78,5.81,54,0
300521,2.06,1.91,7.64,54,0
002280,1.71,1.51,6.17,54,0
002577,1.33,1.43,4.83,54,0
603518,1.41,1.50,5.32,51,0
002204,1.32,1.47,5.00,54,0
002634,1.44,1.44,5.19,54,0
002253,1.87,1.91,7.12,54,0
002292,1.28,1.13,4.00,54,0
000037,1.35,1.43,5.08,54,0
300331,2.32,2.24,8.98,54,0
002601,1.60,1.37,5.57,54,0
603859,1.60,2.88,8.59,54,0
000812,1.88,2.39,8.43,54,0
002440,1.64,1.59,6.02,34,0
002758,1.49,1.62,5.75,54,0
603579,2.66,3.35,12.01,35,0
000929,1.40,1.49,5.22,54,0
000625,0.85,0.83,2.38,54,0
300346,1.63,1.96,7.03,54,0
002080,1.01,1.49,4.41,54,0
603023,1.11,1.21,3.79,54,0
002321,1.35,1.64,5.50,54,0
000859,1.38,1.62,5.46,54,1
300044,1.95,2.03,7.61,54,0
300078,1.76,1.57,6.33,54,0
300415,1.54,1.96,6.88,54,0
002174,1.33,1.71,5.69,54,0
300571,2.04,2.17,8.41,54,0
300501,2.09,1.75,7.49,54,0
000791,2.54,2.87,10.59,54,0
000953,2.40,2.41,9.56,48,0
002329,1.47,1.35,5.06,54,0
300222,1.51,1.41,5.25,54,0
002693,1.13,1.56,4.72,54,0
002236,1.03,1.16,3.59,54,0
600774,2.06,2.50,9.01,54,0
002799,2.13,1.95,7.78,54,0
002841,2.22,3.66,11.76,29,0
600409,1.55,1.92,6.77,54,0
600614,1.66,1.88,6.83,54,0
002222,1.63,1.93,6.71,54,0
603039,1.35,1.39,5.48,33,0
000928,1.88,1.96,7.53,54,0
300409,1.72,1.67,6.37,52,0
600393,1.35,2.15,6.52,44,0
002805,2.61,2.67,10.49,54,0
300595,1.87,2.76,9.27,31,0
002770,1.33,1.42,4.87,54,0
300299,1.79,2.27,7.84,54,0
603389,2.57,2.83,10.79,53,1
002070,1.76,1.69,6.58,52,0
002571,2.21,4.10,12.61,6,0
002273,1.61,1.42,5.58,54,0
600098,1.11,1.81,5.44,54,1
603311,1.15,2.21,6.35,54,0
300625,0.00,0.00,0.0,0,0
300623,0.00,0.00,0.0,0,0
300622,0.00,0.00,0.0,0,0
300621,0.00,0.00,0.0,0,0
300620,0.00,0.00,0.0,0,0
300372,0.00,0.00,0.0,0,0
002853,0.00,0.00,0.0,0,0
002852,0.00,0.00,0.0,0,0
002774,0.00,0.00,0.0,0,0
000155,0.00,0.00,0.0,0,0
000033,0.00,0.00,0.0,0,0
603960,0.00,0.00,0.0,0,0
603955,0.00,0.00,0.0,0,0
603903,0.00,0.00,0.0,0,0
603833,0.00,0.00,0.0,0,0
603811,0.00,0.00,0.0,0,0
603768,0.00,0.00,0.0,0,0
603717,0.00,0.00,0.0,0,0
603665,0.00,0.00,0.0,0,0
603656,0.00,0.00,0.0,0,0
603630,0.00,0.00,0.0,0,0
603517,0.00,0.00,0.0,0,0
603388,0.00,0.00,0.0,0,0
603179,0.00,0.00,0.0,0,0
603178,0.00,0.00,0.0,0,0
603133,0.00,0.00,0.0,0,0
600732,0.00,0.00,0.0,0,0
600710,0.00,0.00,0.0,0,0
300630,0.00,0.00,0.0,0,0
300628,0.00,0.00,0.0,0,0
300627,0.00,0.00,0.0,0,0
300626,0.00,0.00,0.0,0,0
